filename,spam
001602.fdb6f25bb244465c6a91780670,0
001340.f4f8cb4641e47794c1e09f4811,0
001564.e627118e5dc0433147856be71a,0
000047.fed19538995c10e7f9b484fd65,1
001553.199bab4fe530ce36bcb13f6fa1,0
001331.a9a73819ece1b9a351243b1dbd,0
000066.40ca5edaea6bd1d489c292b958,1
000427.6d3aad306a075ad703cbc0be66,1
000496.e0bcb56b47a7cb6a6a4182d761,1
001889.2a1c7c57e62ce9e4b5b6527ffe,0
000986.13be99ed9dcae5280f3934a030,1
000835.1a71d9342cfe9a8ef5a7a1a70f,1
000748.a7743e6b27747ef27423564e89,1
000364.31c7380bbd6ae58228e894e72d,1
000889.70e0fa98b783d3730a5e20a6a0,1
001538.0a4e7022e846e831dd37864b40,0
001005.0e29fa15c047d5d330b9175e9b,0
001552.50c0fc89fcaf5f0942f235008e,0
000757.c0d22dd328383379243f788a28,1
000061.a5c83801aef654f15d9964f8d7,1
001163.ff74814413ab45e8838298a78b,0
001576.86d7f4527707062674e4530fc9,0
000755.e18d7e43213b061b313630a3c4,1
000388.733ae97d853bf73521a4dffe0a,1
001799.6d9748a98e448f27518f814790,0
001560.665ac8fe11ef09084c00f9402b,0
001800.057310837c647247626f174cf7,0
000599.901b6af4fc171bbf6fa8ca6fc6,1
000236.a53ad529f972c2d2741a24dea2,1
000819.1887068afbcc8f4e6739bd6eda,1
001541.1235f1f108c33c38ed2a60ff14,0
001687.cc86016f38b1b59acbde589bec,0
000487.697a09a7acbcc66a16ac9e8857,1
001593.bcd4145aa0292ec5167062563b,0
001192.c9612cebf14a14a3014fc2818e,0
001202.77cad641c454b505ad99d36d88,0
001727.56f409784b274f034ee455868e,0
001400.1b72f96eed4410069ea197a2bc,0
001043.601f22d5c3a8e2f8ed7076753a,0
000505.48a5ab944ba86ee09e94eb5ac1,1
000425.26be81cc912b5822ea959cef70,1
000642.ed0252924e1575d7d9b411a92e,1
001525.b332910ca23613fdb0e4a02da3,0
001344.b8c34f889e83f1de7efa689ebc,0
000693.1d8bc88bf2d2e9cd7c67d67dc3,1
001410.6703288713ecef452c5d666dfb,0
001877.e18f3b9b4c5e0b1ab09639eaac,0
000506.89d89dc82e034439bcae5c78f2,1
001656.6f5a14dabafb429a60721a9559,0
001890.d4a7a3f2c69e3051def40d42b8,0
001757.000d5ac568c77ceb09482f3324,0
001161.a7ae1cd0be5c87610f74a0b09d,0
000007.354c56f9f571eef8f8925b297e,0
001526.5b7918323f34869113d13df6e2,0
000964.02867165fad61396008b3c8d97,1
001665.b3de8119b9293468323f2f3c7d,0
001148.2cd4affde5a73b75a4e2216d78,0
000036.ff94a75539269c41f1f6dc17ef,1
001354.8e936b9a1f23f58b3929162f94,0
000306.d35204be1226e7a9f8dbc9a7e3,1
001077.25007a20de0fa853e94516af0e,0
001298.0837fe4a29619b45ef6651afa2,0
001392.634f7272cced3a348feaaef12b,0
000996.2c90817a04e475d3915c2e7133,1
000113.4ca8c44c907502549ada27a108,1
001931.bb52a2ed23dca1e5e1fc6cb338,0
000157.69118f7d31fd73578521640edd,1
001818.db10e34f6afcf8e1f39d1c19b2,0
000514.1eb504bd33e954268babc8ea62,0
000211.33fddc7ac2dddc19e60ebc4d96,1
001244.7903669d62de03144feaa0a399,0
000497.5028790ee95e133f3ec8f2c26a,1
000145.29147a81c4bfe9c2758ec8b79a,1
000435.fc0f17fea5a87f87225582f4fe,1
000600.bb9a210e514858b16f044d83f3,1
000852.9c2dbc8c884655419998c5e6d8,1
001436.fcb9dd1628ca490da8cc67de4d,0
000261.fcf5881feeaa4cc01d71ae4be0,1
000887.e71ca4bb1d4ba7f58b0a3c7544,1
000788.cd3de69bdbb7bc9a90b9ebf74b,1
000942.ac805a5f662005600b0875b8a7,1
001376.b6a28d669048a38f4d9ecf508b,0
000106.6f66723ed7ff43c7b0ecae1c84,1
001662.39d5263d84e83050ffd754cd19,1
001252.09118b7f1c8bad5c9fecaf8629,0
000652.650ac7ec037123656ee1d889dc,1
000281.1feafa8f01f7e0daeaad5d0bc2,1
000785.0760b63c9e0d2ff1031922d530,1
001894.0242ed3c7dd14fd248042cb718,0
000457.4482a1c2ce9d9a4c07a63a2a18,1
001674.db4f6d094c3d5e0839d2c9343e,0
001970.a925feb51c322f9c444d3fe166,0
001196.dfd85a6431f0403c8921440780,0
000046.cc3b06a4b56bff38d69bf66ef4,1
000615.5a4f41e0bdd161ef999f3034c9,1
000803.aff7d0b3d7a176bfdb1b467d43,1
000571.1bbd05042cd0c6dedfbae3d0b4,1
001183.cea4b776de067d5ff77bcfa70c,0
000603.9b8055e8ed3a754e22dbe5356c,1
001224.62cd69a7f927a3c62597add239,0
001766.fd8fb2b1b2e3ca73a5cbac62e3,0
000993.b824fb7199278629ba4e24f27d,1
000526.49325d26ea2c434232af6b7755,1
000918.cbbbaf3bcf767c25f6f97cbca6,1
001477.91bd15f18fa1f44ef79f0c3bef,0
001068.999dfaad42b95f930fbf120b01,0
001798.02ea1f244a2494eb65adc98958,0
001250.798bdce02b521b7e3f330157d3,0
000045.4aa80813cbe501c834f3d31da8,1
000915.1efa1d26eff7f92efbaf0c8dee,1
000248.a4a3e4940b71e0a8d140013039,1
001841.9aa304a5c676cdff451490804c,0
001547.6cda54d7ab71576487afd01964,0
001023.0c39f3e6e50b7b4987b027468f,0
000628.51b71a31a0683ab893be2782c9,0
001625.e05227d9f7d75df67be9b6f48a,0
001746.f75ef027ab1b33156837668070,0
000332.f802f076e1845cad3db82294cc,1
000653.2cbe5251a3f6238f86e58f715f,1
000240.7cd11e979b51bb172c529408da,1
001300.8dea25d7f37862cd9781c10116,0
000212.1fc22073b5518684a0b83652e2,1
001213.ecaade15dc7a39a6fd4f31027c,0
000238.f430e7970a2f754538b7be8faf,1
001783.072c4d0a7e747804492e267a45,0
000886.c501be881b615754ef3dd3a286,1
001973.09ea2397fe4915790d5d586445,0
001047.4c89c79a4f98adaf7b548d13aa,0
000193.0e0e7ec13da27c3868a8aa3189,1
000726.55ec2e8bb323cc8716fdee5860,1
001109.ba6f6057c69284139790fb903e,0
001229.f5ee190b4a6061d549a9b7a6a5,0
001049.ee10e9a45f2442cc1c2e2a3b08,0
001706.af42e3911b7b7af257ece0bfe0,0
000962.188fe62ca35833e37728fbb23c,1
001320.0813002e34ec2a02b515f93308,0
001913.e021f62ca95d88ac56de71fa4c,0
000100.4c7c828a1be55b49cecd490548,1
000591.c4ac28748b3a860e49368d70ca,1
001649.ea8c1c546251ca7fbb6da02359,0
000970.9ca267adda3f75e53f9bc7c7ac,1
001001.9b225541bd517ee12a86b03731,0
001721.0ab5491cf24e12a5e005c4f978,0
000572.5ccf89b7538088e623a271595b,1
000453.1b355699413b754ff988474cb0,1
001369.2d1e80032080928bca0be6618c,0
000779.2d1f3b5b7734fbaba97d63d15f,1
001249.1325a9f6a51cb76d44016e3128,0
000360.28d11e3b7f446b16485e3b0362,1
001816.6455b4c2a4e8ee4e9397de9120,0
001475.f058ca3ba0e76cfc171e41cb5e,0
000030.d1a5cc5b20a1d3f2028dac4d31,1
001466.2be8404438c88674a01c4d8074,1
000371.3417caaf5022e33fc73ed7f35a,1
001211.4d81e232fa6a19eb8e74da0d16,0
000199.9c6aefe8df3966e518744c7dd6,1
000186.2f65989927b3d8232636cb9077,1
001268.e9e1a762d33aac5cc0723bb9d1,0
000716.abf3f97fcd7c306d7b8e8901a6,1
000641.499062ce91c8881422e7e42f83,1
000456.8c5055ea0b8e0cfb8d8bc8281c,1
001120.b90a0df4e654b91447c7e5c95d,0
001949.c3c85c3dfd7eab645da894dbdc,0
000413.3204067bd59985b2f7f7a78602,1
000210.082d430cf0638649d804854bd2,1
001951.576adae51b7500d8afdd16c739,0
001146.955ba2e061845e89bdebb67d43,0
001654.aad2060a699af39ea8246bb4b2,1
001441.0ce9cc74c04c79583ce8bc9bee,0
001338.8d258e03ef71934881fadfa70b,0
000330.7da780dc654a83bd1b30c646cf,1
001718.c4d19159367da59ac48d031e2b,0
001640.015aff7951624ae82d3f5f03b6,0
001694.f1b0af18ac883d5dca340a6f65,0
001914.5b1d2a8b323dae0a377c3b0f17,0
001312.37cd3438cbbb91010eb33a0233,0
001225.c58f26ed753d6fe22a50e66945,0
000053.e949d3fef2858abc9abb4449a3,1
001847.a2d881dfd9da71f4795fd0a4c8,0
000637.386268e175551ece6d2ec8a251,1
001075.a4c6c4197926eb53c23d7b4e63,0
000782.dcf90c650d05c06eaf84bbeb7f,1
001361.512f384f6fc00d7fcdd955aba0,0
000185.6fb84e034c2ab8a2596431cb47,1
001228.a56345bd6b5c3b16b53517f901,0
001859.f108ce6ce6d5c112768700c63c,0
000865.222ff578b2d5b115da060e759e,1
000664.6637be62859bb7c11f3267b863,1
000738.4a50b3de2e13bc1eaadb8afad7,1
001968.ae9bff02feeba6bda1d21191a5,0
001521.80f3e2477838ee304a96f4e7f4,0
001038.ff425c6f602f6ce8909f51fab2,0
001037.e00c6721a4209a4e142ab127af,0
000325.7105a7a9fd335c5282ca6d79ab,1
000081.07a521a3cd475fdb1f4ef7b715,1
001437.4577c37a7ffa09899e9fa5a245,0
000799.efae38c1e4ba69fadb4ca78980,1
001396.0e4711267c88fc0f16347bde32,0
000678.94617fa39b852bfb3ed9eb65c1,1
001206.b027d95fc359cc69ed396f24ca,0
001651.073fcc8c908f1520cef70b404f,0
000258.f1cf7a64f0e836b4e2c8b1a355,1
000702.30d6b3e42d3af55687059dce99,1
000743.68c67e277148b6ffeed876bf77,1
000485.ab1beee10487a8a5c661bc932f,1
000264.0d0257ae43938f0f8f7268279a,1
000733.e23bd67c38f15280e1dd2ae252,1
001371.9f1094546be4cfdc5296a2de70,0
001107.a2ef58081496cf7de0471339f1,0
001288.d19b97ab415723047b8a0c10f8,0
001147.a09e76c090dd6175a985ade63c,0
001090.1b5189d5f4e0102803269c1c0a,0
000774.ac5344fe4ca13a7d14e5f8b381,1
001563.9bcf31b667d987e31cb658a519,0
001605.4e259abf62aa1e524c51275948,0
001253.2220fa17667b166ad86b6b448e,0
001839.5ad442875b277303c603ede21e,0
001619.eeb50f66f3faf44469da17e911,0
000101.54e15dfd0be0cc318d8d9ac8d4,1
000376.d19de37ff2ff4692dc36f3b717,1
000108.c0d0ae95e75079c7375443288b,1
001282.eea6922acf5c64b3f453992c6c,0
000843.7c4b91c2a142f7c97678ca11ea,1
001379.a19a8a7f68947d190b1a3ef2b7,0
000314.c913440f7ca531c8ab02491a18,1
000438.e26dd9915de66a27e14d43ee79,1
000874.ef798017bbe5289c2e848e9166,1
001165.1c77a2a922228b222f5712b8dc,0
000001.6718ab90cdf0984dc45f2ee8af,1
000833.5a019e192e3c308373a50302dc,1
000176.cd4636d6fbdaa98eb848f0f58d,1
000255.418ee05b3ed75329a43323d780,1
001423.9642cf00c084a54a2429247985,0
000166.9565240a1a4c4640f42bafb2ea,1
000834.b9c1606af31b48fee4f3c741dd,1
000543.755188d7cf1ee5ddd450218a72,1
001199.b6dcf32fb98f38ca63937fe6ca,0
001372.9f9c2f12958332d30d3d8135fb,0
000747.ed58f93f9241ef6ab8aab31dc2,1
000473.e660a828ff7cf66d3b674ea70e,1
001960.994deb72d7c32b89bc86f6f9ce,0
001017.34679026c0612b0e90f14f5d72,0
001182.b4c91e6b31b81f5d2b82f120a8,0
000957.709dc8dc4186a2db0164b20472,1
001570.3bbee0f18216407ea05cfda85e,0
001319.4739de65d5bd8087dc5f42829b,0
001562.619351e4afaf29f1b92aaba6bc,0
001217.94bc911c0f9b20de640ec81549,0
001645.d790dc0eac8f0f639aec1cfb9b,0
001509.6a9f1ec20b0577338637b384f2,0
001156.8552396eba7a0508bfbb366a5f,0
000998.ec6a84562d332a7690600fa382,0
000239.ea0970537838ecce6e5e93a7d5,1
000390.30bac38ba5398602b8d0802a7b,1
001854.6601aa48452ca979e47cc1129e,0
001700.dff67acabb81bf280ab22ef04b,0
001579.5bd54a9a3929e42db94b2fd827,0
001384.a99f217323682b085fc6c63f88,0
001979.c8dcb61f98fad7e5fd01eb6e2d,0
000474.1744d56f1eb830b60340a39212,1
000971.1759958fa8897ba45d348d8e20,1
001277.f23eb868eac55d8f8b0a0ea0c4,0
001052.fd9e6af9a92aa60906c5b2847a,0
001624.2db824c50095f3757fac9db99b,0
000734.52028a8415b9dd408767d06c9f,1
000202.051d1d2f42f72b6284fa0f3859,1
000107.a3cc63cc6d149c04ff7dd67f11,1
000823.8049df89ca89c5c5f051aac221,1
000174.dfd27536f119132719274d1482,1
000119.96366999a0f4b00df76b4390bb,1
001837.8912ca01d4db7c89a4ac17fd43,0
001941.cf90f7c8e651efe28fc4197018,0
000273.6e1961d7d224f33c779b48bc76,1
001187.40cfebf5c7786e555cc657cb79,0
000956.f470526adcdc1805f6ecdd814d,1
001868.681c847ed716abdfb0a0c58ba6,0
000356.749276ade44dab8a3d64e2e818,1
001394.be778bcb2695888aedcc4beea5,0
000367.acc75de3e2e11167fc0849a53f,1
000975.2315a16e432dcd9d73305c6c53,1
000169.2224bd55cfa46df471ad0dc8fd,1
001723.c18b0a6105b1248910c520cc35,1
000781.d51f9009a5822f13b440c1a860,1
000604.2f97f41dc38e9b33ed1350b08d,1
001240.d215b258bcc668a92013c51336,0
000021.6d896300a4d4a5592bd3915bc0,1
000387.6219dd40d1d0684801ff27e799,1
000299.ce0655e29fb433e8f6ae135485,1
000097.c5cedb565f78ef945646dc56cd,1
000393.782418feaa6ddd90afec1001c9,1
001230.e02d5d07273836d245565bc6ad,0
000466.32f444d3bc7db5e3aa7aaa0c0e,1
000277.b9d9b3b5410bd8174e7d3244d2,1
001710.6e623b02aeb7c43532086b168e,0
001956.a97080f95cbd3a4acec6e526dd,0
000635.f79a1c6e95448192fa24c365a4,1
000452.1aec12e7d9bec2ca91fb64ab5d,1
000077.96e290f17f97e3fa2ee29933fd,1
001089.1db4fe688755e7cb9bf8131a50,0
001836.baeac22e8b124b6fe88e395fdd,0
001427.ba4596e2a6b595283a00e8e3c4,0
001034.5e4fbf6f9c8204f146dad7ad02,0
001405.3eea9fe06b00d93a2b968ebdbd,0
000344.33b4d5c091060a0f9361f1c5fe,1
001582.e5462f23128ef4bf189db5d8e6,0
000805.b17d39abf55734478c8df8850d,1
001516.93018b93c365a6222ff4e5028f,1
001102.2a635e7b6a9caa7202366bc026,0
001853.d18cae3f064e355c39b4cbeca3,0
001972.34b4421ac9e06ae0b28fb64819,0
001829.0f70309b3714d46fee6dc279ff,0
001980.39775dfb2282a5bad1ae8f2e2f,0
000683.5e8a087230efe128b668c717b0,1
001758.0438099c956bdfe7cc162f4b3f,0
001549.bed45effe0902a52dcbcdcb8ea,0
001168.f36a762dd174321422cd95aa4f,0
001650.71d84c48191c4e68645c0ef55d,0
001283.125e59144fd16c12801b91a593,0
001330.f73b3225edf38414e2844f3691,0
001573.5c78245f20b85d0e6aeb515c24,0
000311.14059be3d0c87185eb6e3455ea,1
001399.bf1667303702bc37f934b07365,0
000848.15c382573d1031b0e10bb5feb4,1
000795.601de18b7f9f590e9b475958d4,1
001295.3a64251f87f0268a96fb1a5260,0
000623.2f712c74c66502f25843126648,1
000054.1236c6a72dc7a6dbf3ca82800d,1
000483.89b2e06c2d3159a62d7e3caf0e,1
001019.ce848761c43058b04370081d56,0
000605.16302e10cfc820ef10c1ad792e,1
000923.85e06d0cbc483e8088bf1a29e3,1
000827.950c44a06a54c6490af7ba0218,1
000087.76b3478d307df9358f086b6489,1
001840.85f84e655cf677769d942c9f56,0
001814.151d9c6a009040100dc9908283,0
001261.cfe8da748982e2707e11a33546,0
000519.815e11a050b0cedb80958bc7ee,1
000841.6096c83ec0234015aa9465bbcf,1
000402.81a4529c0643a9f3ca4d15bdb2,1
001975.2808c41c1a8392b977a52748e6,0
001618.2c6f61a9778bf3c41c757fcd5e,0
001460.d39f8f3ea680e257d258162a6f,0
001658.eb297096ea0f12078a7e901629,0
001725.c0f0dfc952ad6f72b43f36c77f,0
001091.ce9ea27b3532324dd810c652df,0
000401.30479a808a44f29cc3c9b304fe,1
000049.ab398fb425682c576c6b9d5400,1
001722.b16d1c88bb4a85d1fd45cd1d8d,0
001006.8e155643f203d55275c9db98a8,0
001255.4248861096cb05ea13cc260ef1,0
000988.93b867119d59e01bf76d3cfd61,1
001635.7955e6992a85a4eec41abfd2e3,0
000902.9f5223d6b06e3329fdfae6eaa9,1
000109.f57c4ab7d6f1d21090cbe96a47,1
001604.e05602e1ba176918866d9053f4,0
000780.b0098baaecaa3552b2929ad782,1
001897.c486cd4e232d57ac5391ce0ecc,0
001714.106caf108db7d61dc483b89b38,0
000147.1dac7926ae1f876d5e7d7b8f84,1
000949.ef80ed020d7f72b7e04a22eac2,1
001550.7d1e4c93788e3a8fd67053152f,0
000524.f9e3f027910b87e5cdb0c36a48,1
001353.0c749cca0854cf062118ba7d77,1
000961.9b5f554d321696dd097600d0ca,1
000257.bbbc26eaa81961868effc13789,1
001125.b823944989e484af7a76b652c9,0
001668.293041aa7847464ea14276590a,0
000217.fb42ed0039e4914a7dba562d7e,1
000140.04cde75b8d88b974b653e44a57,1
001359.eb4a7e46267268baa455ca6be3,0
001832.cdd430035441cb73f27a70bde3,0
001444.448c1bcb42d2ad39047c81b348,0
000686.ac4f43cd1aba2011cffd653fb6,1
000937.ac8ebbec81017801c6f3583926,1
000756.dcf8bbdc03e54ff2e16b1f42ce,1
000073.e4f6b7e5a39215f3859ec668a3,1
000931.340aa469479b9555979e15c4dc,1
001679.09ebb69e8fd0f117b16492c1cd,0
000378.75a64aa8bf035e666a96b53608,1
000449.3e67a8f86be8ebc5b8734b87b4,1
001496.95d90eb2b64dea14ebed2a54fa,0
001363.9ad01ac45946004d35162af4d4,0
001977.04dcdcbbb8e36e47f562ac85bc,0
001614.1266dd070f0fcfb2f4f6cde3d3,0
001738.08d22a10ea3304618b377ff36e,0
001472.b06a98c257901663fae77f380a,0
000772.e7ea07495346c8f155d9d3f88d,1
000930.ecf68da405f9482763c1fa5f22,1
000633.cf464b1d3f19ea8d2e41185cea,1
001696.d448a2e75c6a13fc56cf8099e3,0
000616.71705b3cda7421475feab9dcde,1
000875.68a2febfa1e71eb6ec045c1c5a,1
000116.52ee51078a554a5d33ec916d71,1
001901.f7798ec1692adc8d18bcbcd3e2,0
000500.ca5290cbeb87cf30dd3498e1f3,1
001492.eab1be460a8ca7782d954c5bbb,0
000074.4f14ef376c041e116340605fb9,1
000433.316aa2f944288355f14e2ea84f,1
000408.d11c40f666cf733fce4f968ecc,1
001748.7bde7312746c6875afb2ea525f,0
000285.17b3512589345c4a57fac43f3d,1
000289.01888f5b5c6ef89faf56664b7c,1
001191.b1b5b81ea62117cfc9c7cd6ba3,0
000336.ca9e18a788658d45c89cb70368,1
001007.6c42bd561817918222b250fc06,0
001014.57bfc2a775d4d56d1229f12d57,0
001765.d7e39e1eb81fc9e121efd5b41d,0
001577.51c6bc9069306286aadb118569,0
000907.0a6169aa7527fddcdc29b3a8ea,1
000936.b28521cd5632ac7f5c35d56fd6,1
000871.a4d59f91b96ff769989a036b89,1
001628.cf92fd38f0e177a19480e53f0c,0
001782.d06a1e645318eae4b5415122bb,0
000118.49b2d2e26d2a146080c73a7d89,1
000920.4e95306b73225bc581bac30e35,1
001135.30090e5b5627582c0e8947c50a,0
001633.67b9707b10c3504b7211910ec3,0
001735.8ce8f4704d4820f459bd61f68a,0
000692.d6d2d6c3443a6cca996e2b1e98,1
000104.75c043b0c3ba367e3221b0c651,1
000675.813f87912865228d102cbcbc9d,1
001660.6935ca3de6f9ea05de52fd6632,0
001065.9f44324ab0c25dc7149d1d62b6,0
000994.afd83df5c85b1c3ea2cb018446,1
001729.76f5d2a9456a5ea2ab7838527c,0
000960.f3913e18470b0a0438934bf65f,1
001992.848950b6a0802be1d37f6d75a3,0
000394.1ec8c091df39a1c2224be07e83,1
001838.884449e0de1485545c8f0ebfc8,0
000384.05344902d64f5531b9f446b230,1
001092.9db4f7ca17e17e9cbbbb839750,0
000229.3a6c646c01675dacc08134da5c,1
001195.12985418148800566f0d46a844,0
001545.c5883e8a57ced37e8d64e6942a,0
000846.11aa918345261929314e6c0a31,1
001054.3b7f1633aa0c059ffe91253af7,0
001296.13257bf5ee6a0415d1d21ca2cd,0
000878.336d82676319ee30711d498080,1
000773.4d8cc13f749ec6b3b4b6d7187c,1
000901.ef7bf216b8c2e41a56d2de3912,1
000929.5d1fd5699f6dc40937426030a1,1
000954.8cca7312d9a316f901c623c1d2,1
001351.b98a01fb6d25db0b50e2df0199,0
000009.d95632578232aa83ba23575b4b,1
001430.b6a472919f245f3dc8e8950072,0
001136.754ee82c18d0fabe54c27f8fdc,0
001004.92f865e8567b8cee8a00341acd,0
000808.d69001821f3341f43678029dec,1
000558.2d551e3ece3cf119b3c9696d04,1
000613.42b22f0fb76602e42d9dcb7b62,1
000503.1a461b2b7c24948778c91f73bd,1
000828.63da8e1119b2da822350e39572,1
000028.6fb9eebf8884da351a488b832c,1
001534.775114c2f0bed468932ba0093a,0
001584.f4cc4f38eac0b4ee7aea910baa,0
000419.97a2dbadd668e33c28cd10d291,1
000222.5a18c8ff637e690da3dc88e63a,1
001188.07d87bf5335a48722ddfb7737f,0
000396.0f1248a334b9438aa787928ffb,1
000184.4e8106948aa38e04b34a6debbc,1
000729.095a7dcc059e850c28429e49c6,1
000885.41419d99cb48ad35a2ea129005,1
001239.6ca0e9b47fe7f3fcf58ec74f3c,0
000448.33b7a6280fa3924885bdda55fb,1
001887.9595358704efdffc1ce1365e1b,0
001761.8221ac7af1f3cb309ab75d13c4,0
001177.718b9464130ff5db16adde3d18,0
001131.ad4afb4e09969b0f70a74feab9,0
001775.1e520ee548f0230bdfff953a83,0
001174.55be63feb62e251bbbaa2a5f7a,0
001197.2f0ce8da20e20e94c48fa06fb3,0
001629.709e57ff56b0cc1bc1dffdb270,0
001130.17fdf8eb0dc6753580d3fc1641,0
000727.c873ac3a4d05c8258cdbfb639b,1
001548.217e9e83edf371efebdda4dba6,0
001730.5f003e43b8ed2ed17ed18ba48f,0
000913.e26eea0ae8ef3799dbb8019506,1
000914.df0b82d490f9cf378e2b6c3b26,1
000158.4009a42b856f9ae53c18fc0af8,1
000110.eaffc0ad273947b63c6bfb1cb2,1
000631.851cea11f2e059582b90f9f6b8,1
001083.71ed6922c2643d9f9ea8486010,0
001796.cf4cf5ecc3d9a5046fe1b3b075,0
001203.f3d654111793b2518b8762c5f1,0
001518.862bbb73e1373f74f2691917bb,0
000123.bd828849e7259b4ca1c1b9beae,1
001286.c486930331e2c23dbfad8c55d5,0
001675.e5310559c015331768883d40e7,0
000565.833b766ae517e66e4b4e5577f0,1
000309.96c5899675050a608e2291da37,1
000928.14f0b249ccb342388c9f044d46,1
001713.f44b08bff2b301b16140622c90,0
001657.a7ab2d43dd5f4f3a63aa2b3db9,0
001963.0822e36185babc04b097751dd2,0
000160.2384611f11d16050d8efaa56ae,1
001737.86158bab95cb29fc34cc87a127,0
000017.bd550fdcef0685140ea4f9e2c6,1
001170.bc54b53a79923fd57f21c326a9,0
000153.72c9e1f459cefa9a669d539b84,1
001366.bc664ab9bd1cfa0e3957319309,0
000155.cc9ebcf8494c39422b8a8a101b,1
001030.b7be521bf78e247d3a7fa45168,0
000480.eba80ddb1a45ddefa5afb60b10,1
000720.b9dda3008bad412bf3558dac88,1
001681.858cb5778dd5a2b4d376b355c0,0
001292.5dc0281f65e6854e55dfc4d341,0
000562.8a9e363907a842607f6a17ec32,1
001355.5fa05a720f3e7d9d987c1ae163,0
001801.51d306d19c82d8cac25977cab3,0
001117.424093792c3d9d27b35ea6aa62,0
001205.8482ff6f96f9958e2bc5e75d23,0
001350.76afd160a846a4250a912646de,0
001025.701cd12987c6ccffd8777745ff,0
000224.e7921f434378860df9e2d60d40,1
000204.20241f6e79dd6b371aa734b5d3,1
000530.2d21aa234c0f235088ef57a1f8,1
000882.9c1e49dcb930b823a1de3fb043,1
001666.f6e081e29a392a32c28ff4026b,0
001328.bf7f115dad03cc3f38f259fc60,0
000724.59178507230c0a62869861fdd1,1
000868.9e1201781c78f6d8168e445d1b,1
001448.b88b68623546ee584e4f46a31c,0
001471.381e934559b51c07ac474f37d8,0
001601.acd526d7b31bfceb584fbfb882,0
000985.65a8093910d67f02ed46860047,0
000751.b91e4f5aa7de45bc048a320d7b,1
001767.f4931507ca31c07e9b706a1706,0
000953.d6fe125b00edda3515356fe84c,1
000070.8264798082bf42a24e21bd0ec8,1
000358.84ec431b3fe888da2310250b19,1
001149.ce2c6b43622995f5e78bd4de1e,0
000086.327533159c4f5f017b0c4c7605,1
001921.9f89ded40fe5ae1b17c704a6ec,0
000959.43c5ba2de7cd70e849be480bf3,1
001381.0718aa5802fc2178087165d16b,0
000735.45367e1693bcbe4b820f778880,1
001070.1b12b638846c0cbbe5349fb21d,0
001858.0cd76f8f3ad654064d1430d0db,0
001256.e73c5de958ce467cfab785b646,0
000534.ccec9deb92d16d98111e003874,1
000034.4826034a475cb48d9434ac74fa,1
001302.c26ccb1d05adc5c521b4218995,0
000254.5d0b7d7e49584f420f50faebe0,1
000338.a4faf7458dfbabccdbb2f91453,1
001531.0b0a8194b7ce02b77e407d630d,0
000831.e08a49a2068da164d2be8b0f65,1
001626.05c5b1a16fb629b6451f2ef933,0
000554.e43d9c2f289471bcbf7dd78cda,1
000412.e9e5617d2619df534bb409b767,1
000294.ecab79169861eb06a1adcbd804,1
000345.d0fe340b3f9e2fedc8593dfe0b,1
000550.7005483bf8f1324f1eb0ca2276,1
001707.6ed60b81126a845a2ead059a43,0
000039.9c04218e8c0b8f16a4df76ff82,1
001122.f494ee4e9722883fc853dd78fa,0
000399.aba4c894a01f86287e6325e6d4,1
000142.1ab0d273eb6fada4852639db30,1
000479.8e2807e8a2026a5538b85311bf,1
000490.e1d99efa96162aba96a31d7b16,1
001022.ec0ddaaa61a6f884339f86f4f8,0
001481.accb59745fb974ab18b347fbe6,0
001495.4d8be829f0e7255a24203402aa,0
000055.17cfd13fb2e76b50873829f2d5,1
000922.c18e82e9931854457a4a6c839d,1
000567.4a10f0cba07851f4911be45907,1
001788.2c7ccb9477fc1e15523386e0a2,0
000415.c92053cbc3bed5cba8bd3ef2f6,1
001760.e22392290a5f02af6560f70e6a,0
000883.5469cc364b3bdd3a657b610667,1
000194.2cb83e687f946cbd6abf667d65,1
000696.42c2794b27b2138c37b363293a,1
001653.b2070b485e364dce0b78e2a210,0
000624.63f04fe322bda0a0e535e73a1d,1
001922.a9aaf57597153fa7952b3fe815,0
000018.1ec119d2a4922c268d0f241a03,1
000365.472f6d19b6684a8ed2902bec33,1
000477.9f3de263412a1670b4ef8c4f92,1
000862.ff859ab3cb45fad2797d91a871,1
000208.698c103b86c3ac84403d982759,1
001933.f94e2df526f8a5d79674d13f6f,0
001637.f28b15ac17c0d65b222e9e937f,0
000373.e5d34a751716aba93357d9df31,1
000855.84a97f1311c68bfac7bdf009e0,1
000549.f1822f5392cc776dbaefe11ea0,1
000437.83383d8fca1b3dfb2ad38c46bd,1
000274.d33e975e5bd3134d37604c3cf6,0
001763.ce8c1dcc832954f3886510b568,0
001936.5dcbc7f5f8414ca67ea052e948,0
000276.789b125d5682d14220ace4e321,1
000548.5bbb7c75ea01f5b45b9abcca99,1
000068.6faa450cb85ef669e3b4f12ac7,1
001138.cf2d80263716c5792da1373513,0
001779.d47b94af5a1d91f5e0f3b20946,1
001952.5532251778814826b41be5be97,0
001189.16addd32802ceda935edeb3b51,0
000919.823191faaa65bb33e1b369d8db,1
001774.4ea8f996ca2de003e6de81bf8c,0
000945.1ef0bc466dacf9f72e7ad465a9,1
000972.6c471b890916ab8c99733fd7f2,1
001631.4326d42df73ae886f2f70e7190,0
001530.b60ef5c422414cdfcb69951015,0
000844.e12dbc21e49e13c16d6d5d17fd,1
000853.b69c50dc807e3f9c1b137b7fc5,1
000014.55fdf887682cf23ea27243d1d5,1
000980.9c391b091d24bfd3ec1218dc4e,1
001446.5f5c4c44790faace0ff9ac4195,0
001294.1bd00bd3cd8d29f46294126242,0
000680.3cbdec5f53facf09ca0e0acd2f,1
000598.a654cfd137528f942427150e07,1
000585.ef4f79616f6fc38fdd0e560ff7,1
001806.51e3d7beeb9d0eb99a6f2d7894,0
001314.9e1f2e5049971f7feb0a48e313,0
000379.de0b484964485312c80c3fca6f,1
001711.7abc0d74bfe8d5e1fadfda35d6,0
001062.4214f56b233cdcfac8840c28a7,0
000431.1e7e2d765e206227bf57b1ff8a,1
001155.26e377169bcfae528fb3660d74,0
000481.248668f340e4593d283d774267,1
001781.3052adbd8357d840d74c169149,0
000698.880729d7521f5a6d6b2c294987,1
001085.eb96fa05bce6108597d98badc6,0
001265.d8b25cc91585044e20b9782059,0
000214.402b1209c507e9b92384615baa,1
001962.58ed13280935d132d85ce584ae,0
000744.ec2e6e6f6507c2a798c8610082,1
000573.8e8cadbdf16d1455ce33508312,1
001098.fb11e48dd5a4d18ecd81d2f441,0
001754.68b842b39480447e07484bf33b,0
000762.86f86c30ea8fb89f5212dfe41a,1
001151.bb9da136ef0079d0fd08b017a1,0
001000.363460708a883fcca135950c7c,0
001370.51b7d477a6be17a80b4f189bd2,0
001325.976b475c8b1e8b2b4f1bf30ea0,0
000979.c92d1e330c5b2db72cbda309e5,1
001308.71cb3d87134d72dd5d6d4cc72c,0
000602.d3e44696c5d436e0ab20319432,1
001458.cb6ad64bd8e2a8d085cb06b575,0
000329.11cc858c1b275068fa291d766c,1
000761.c4ead4b69135453af219ac10b1,1
000892.9f2c69cc4149ed12b359d9fbe7,1
001824.b7560345e629eafbe00508b86a,0
000619.e6e3bb5ea383523877a4c79a34,1
000816.6d316f8c4a876d620c3bc5cdc1,1
001659.d40d338109b58875a815212365,0
001332.21d78f56308955648a25604cea,0
000270.4faedb05cc637659495ea88fbe,1
000898.b27b336aaed87745072bde1a7e,1
000205.69478c2a525a5436c129a86962,1
000198.c6148a9d176543c8e96f77588b,1
001511.8db6478bf150bd5e018ca910cf,1
001347.0e7b30697748897b8570355e57,0
000555.e284b5b8eebd20f6ba0eb49607,1
000094.5e9e1c2f74898ea928de37bf11,1
001028.66d30e4db4fc303efaff3dbc35,0
001647.f418b1719a47149c537a1c121e,0
001127.04aea1be3452e4dc916cc6197a,0
001873.29e90040863730add268f7c605,0
001291.fe7dce748c28aa7576ce84f67f,0
000031.dd8b0fed333f32108e89ad1bc3,1
001470.d1b51bada19aa74597b68449ac,0
000867.0ab9f379787fe58026007a86f8,1
000647.5fe9b84c8424b7abef1ee2716b,1
000687.3ee7c81f3ceb72a9779be4012c,1
001115.8a37049e8b6ac3f661868e9ad8,0
000023.0116c980875b55fc79092a4264,1
001655.126f6a0b62766c3f4d99b6c6c7,0
000167.af9580a33742bc24a4c7288e0c,1
000820.7d5e1422ccb1a20ce26956fb8b,1
001615.12e345e7ba487bd53cccb3701b,0
001112.5b24c236d278f6277c31c64387,0
000504.68ca8f42d2b3283363c8637328,1
001899.043755e2e5c964d4df3ad67f35,0
001792.25a392a4164a1f735c8a4b5c12,0
000159.102f7076734d7d420a07dbbc74,1
001505.1626897b73337bc25c33c65aaf,1
001747.003440f9fc9f1c2baebc39383a,0
001892.d1477602a64549a44e39542147,0
001684.b032e01981e79fa7d790370b3e,0
000161.39ad39c3224c73967695d39f79,1
000540.267ab5c5ac83472e931a918682,1
001474.c8dc01abf11e4d6b926841ef1a,0
000139.228b8bdb2bcd0603863f592340,1
001185.04e40063a937f3219db11fb6be,0
001398.d4fd460e4056554288268a552f,0
000508.e187c5cd4e57105b0e320da1b5,1
000284.d29c9c4d65bd8f7363debf1637,1
000243.dc6511ec216c0f8ad5a0533bf3,1
001636.ebfb3d651a8da2a6fa3535bbaa,0
001527.4bd4b274e1de3215796694dfed,0
000050.d3badffc77ac1c91e934de3793,1
000120.43fd186921c6d4adb4db1dba57,1
000335.61865ff250591c66497f159039,1
001284.ba8d485d708b0fa7f3248e0d60,0
001867.041591038148daaf121d1b3e30,0
001079.f51710396f246ca3e530cdd06d,0
000965.e25b7026001d5bdb81b3f13f8f,1
000151.a310e2e9e4b1f085ae6b0d59e2,1
000091.6d54954321471e7949177fc162,1
000789.2f4279f8a5672f5a097e94f721,1
000784.4bf1b0d0aa95bc9fd87b8c98bd,1
001812.b24151885debae2b53f0ab552e,0
000525.f332472db6feb03eeb6cb2c183,1
001772.90153f99c55214f2d0f0524c16,0
001717.f338651c45299955b4c8de7bb8,0
000484.31f71a4006b02794777daca788,1
000722.e363549e56ac9d979bfe88f07a,1
000043.c57702ebd71f93db545ba41ace,1
000247.cf02f65826c57377998ab6c987,1
000950.853f3481071892a72fa813913b,1
001310.d9f4ce97bde51c530c35a31d05,0
001364.3fd2d5f56bb4ae3198b4ef6a42,0
001032.25660a3c80a301cf793fdbfafb,0
001753.e0d963518aedfd93c278943bec,0
001447.d01291103ed9b09cf4dc331cde,0
000052.139dd6d7ddb27a585994b86ae0,1
000067.99679fb88d64bb90df8201dde3,1
001008.1d0833dc330ed0a736916665b4,0
000966.af79d8209c82c832a442e3d995,1
000321.517a38b54fe166856bc93e1e75,1
001982.8fac68b2658c6b64c8a0de481f,0
001271.695dd4256d7ccd4c66e24ca018,0
001012.c4e7a0628567ac6f09c669a015,0
000099.44b17c0c9f30c9405f18c4f994,1
001880.fc04b9a54d58cba4b57f022c30,0
000863.34b4cd698bfe0362ea549490ca,1
000417.9cc0f43ef486a9e2274d647781,1
000295.e55607680a9eed699df6ae619b,1
000352.4106ef7c79d27b62c00cc5c712,1
001386.e63c044983322d2904df235b17,0
000103.ec59c123148da1ae62e8a61cb2,1
000709.a76c3b3020cbf634e44e0f5d64,1
000280.7a3ff15bdffeacef51ed6f6129,1
000122.3f5ec1953b55fbcfb50c7ab393,1
000410.05f0a1f8eca7aaece8ade3529f,1
001166.c43c75f87194be425007742207,0
001594.a1b212135fcf425456c355e748,0
001157.a9a7abd6a8124e11077c1d67fc,0
000386.70816e9921afa745361afccd52,1
000189.a80f3d0c7d2ffd44320356a848,1
001964.f26b7d893036cdd0eab0cd339a,0
001413.89090a8f88de55496ec5bed493,0
001996.698fb7a6dd3ae9a9edbb143b7b,0
000829.2b09de859670845d379419fd15,1
001950.9d46865a50f6d1096611bc4332,0
001207.6e7ddfefae9bd3eb9f93d4e731,0
001129.75370947a09eab609f93f09d0c,0
000651.4a169708cdfece93a5c1306ea9,1
000869.2e5297ade404fe1d500f665fff,1
000939.6ca051595daf6d0f0f096cb19b,1
001820.c63af352f30eed60137b5215ed,0
001784.3c828a51c69e8bcf4f89cad151,0
000472.2f04315789ee01402448c6583d,1
000016.5fae966fb7e200fc4958530b7e,1
000579.fca806a8d212664c210eec9f84,1
000063.e52e28b7e879279e9e8f044331,1
001313.9934884f07ac8d37476d571cbc,0
001281.8b0b3f4c01a347e52af8bfaa00,0
000195.d28459b53aa1b4d8b7552f93a4,1
001596.86b622c0d3997c5552aa7a132a,0
000776.b67111c2d599585b287fba5eb0,0
001391.ea2e0077009602a792b1d6f19a,0
000800.193f900180f0aea4ed93fe6a81,1
001485.958d9a32e7c39cd34aa4561a1c,0
000666.081e6e82222bd78529c77520b2,1
000824.dc869cfb0b9f81d47c4385a3e5,1
000643.9c627e36cf87eb33180f97aaed,1
001971.cbd98b84f7d41c81d63c8b1ee1,0
000044.adfaa3a0f0438abdb8fb7b0c42,1
000836.707b785e48b2023178b2af9810,1
001231.af0950225b4c4a8114453bff96,0
001368.95c10451e305b3ab385bfd492e,0
001118.d0a8b80cbfd1d0d7a716238367,0
000952.c77266242e4b24f37f68f6003d,1
001585.80b7dbd501a484d7a9e4292abc,0
001162.4f6b0dd940b53e97859173774f,0
000181.baea16a522892828d16d831525,1
001551.1dfd714a5206ae1df7b60b14d9,0
001180.9e12e0ffc445dc967cfc0bd6ad,0
001789.12d730d44239f9501cd2fb3c38,0
001586.bbcbf4166fa8480807e5a5a779,0
000890.07d882fed5698d72cf6a737101,1
000012.a711f67a088d7f17ac814366cd,1
000672.f33e903d93df00d95a9fb184a6,1
001762.ff1ba43c400bb60916c254409a,0
001592.3998f945873aeff7e2d9f5671f,0
001529.9b1770a492f245ced0d82c8186,0
001160.265113e7a688540578ce299119,0
000403.2f065351662bfbbabf88e41647,1
001393.94b84afae34c1dc6cb0cc3db5c,0
000644.565e945b5c898386e1981a8fa5,1
001555.2d7bfc9d153d9e855971e9a050,0
001848.1788622c7a8ac310d66e9c6e04,0
000454.923f3334885c1e6794c4a4d026,1
000187.56d06ab16f3046304fbc88a899,1
000977.85e2a0f8f15717ac0a84149d77,1
001317.4d71d781390dd9cdbaa4e477e7,0
000545.e77be41d7139e80a7ba2495948,1
001895.636c9afa8046a395bc4a6720e4,0
000658.ddcac39a2a753907396691a12c,1
001507.9e61f62fce5f0c795b357d63e6,0
000563.a51e6753c5dbdafe588a31d280,1
000645.28a5f0ef6e9b0230b1d091c5c8,1
000318.ce8ffcedf03e00640fe34e46f7,1
001484.2cae53f30263ed1dff25ac5044,0
001408.a6da563049f1d4aeb3d9b0a107,0
000737.6dc8420dd8b105f7a2ed58f143,1
000786.6f80f2c2f2a8f016b8166e7abc,1
000025.1b4a073317155b1251311db8fa,1
000593.c5de81c7646243880df03baa69,1
000250.48e7d540616d6b972b76f7b0dc,1
000430.6820ccc9716f6dba3ac7d33831,1
000423.d4bddaa78f3191c1c68437fb57,1
001759.f3b615aa4d96ca4edb27e4f208,0
000804.585eeec8ae1aeb026ea4cf2adc,1
000154.91668d085a51f662d3e4b979bf,1
001226.1657c7dcb05e5cd592bcb97c63,0
001307.b8ad1874762f63a8a8818a69db,0
001630.3da34b64ed8d05bfa36b2f5b26,0
000556.18737684af77771872cb3f53f6,1
000241.7a01ea80e0f6e2d45521a32b03,1
000494.94b110fac389f6e2a0d71249f1,1
001870.e9a9d573521b1c7a3be1f0fa92,0
001648.49d509bdebbaed3889fa07b08f,0
000462.6ad4ce954a703e0e5620543ecf,1
001919.0872c2efdff7db5cbf5c7ac6af,0
000763.401e458a1a21578d1a54533ecf,1
000728.503cf1a412c72c8b55ed3fe54a,1
001898.bf5aa7d47ff57fb2a8176800f7,0
001965.a2386288af060cea4ddfbf8651,0
001097.a63435f6e507f2d6c0791beea4,0
000888.837c9a43ace8d372a8a6c511b9,1
000062.1f6573d2d9c874ffb66b6c7924,1
000864.24b0919269ece20cc696cf7403,1
001886.eeadda2b7c44123a11e05ef089,0
001378.0738f591956719e0823f3fa70a,0
000987.eec41bceda6cd90da00dc6a271,1
001661.b737757ed6bcf273c1107332b1,0
000544.32743f112a9b582df1ebea7216,1
001060.fdc7ef306f306fea8071736677,0
000518.c694b10dc7c03c184af9fb7dd1,1
001489.82ae98f65990cfaa78c7ff20e7,0
001137.a9f2cb408851086edf5f4110c0,0
000851.a57e73c1e9158096a65f42a54a,1
000564.cffaac9e8917c8ebb3e0c46cd0,1
000259.41e0c026a9376471753e15a750,1
000522.65e84abb88d28df27c522301cb,1
000316.0f70b6ea54615fddf3e355ae54,1
000237.64ecad577faace5fc2c27909f5,1
001478.bb89c519b733baafdb39b41bf1,0
001198.fdd1a0d4d1e30f1ca7be85be03,0
001324.1b0d9fcf3447a9a4e3ec65bdc6,0
000446.e2ac8d41d979d5aabf22a1b895,1
001862.2c155e47b759964b8840304a71,0
000461.74976382e7d62417578846d783,1
001434.00c8d9aac13d600db4ec769f7c,0
001356.97efba9c01495bc04e52775d29,0
000464.9fee9276a449b94af4d93aaf54,1
000114.f3ed22150d17ba0159b9491ced,1
000444.6c677f5a081a4ca50bf1476de9,1
000406.a96925b9350fd568e5f7c5b763,1
001285.729fa0ece2dc049f7634f98550,0
000876.811d2cd576687b8e5d916b42cb,1
001011.1a056e4d09e9b702dee041a3a7,0
001502.4d54fd657db7e94c9c152c65a5,0
000442.c3da4814514f5df173c5278446,1
001632.7f13d5bf1695be834fb9efb724,0
000691.b6ee07a113c287aa83fbb01baf,1
001417.92de9fb4942d82f439205566a7,0
001533.e301650cad892726c106286241,1
000712.fbb1a56d0b20c9b6a930d4a56a,1
001468.d7972704d5c1296395e4b456c8,0
000084.77c5514ec99dbac78f8d4f9360,1
001903.3e67e9ee37cc2cdfe16003b3d2,1
001013.c910173f2a03be5a8e14d594d0,0
000233.1267165c74091d0c63b2b04079,1
001487.20e1d88fa6b0d82315d35c9f0a,0
001486.caf7e5013d0459e389dee85c4d,0
000436.d61e508b4db7700986af30de86,1
000991.98f25b0e65e099a8cf40791ade,1
001133.0dc000b4668f55416ac97320ac,0
000656.09c505a9f7f5d49fe6a07f3f52,1
001358.f46573c84205fc1bf93f4df905,0
000948.6575b38371f9fed38a61e47c45,1
001948.67bcdfb94c45cb1204a5a1dda7,0
001327.a924c39b2a50cd131c3fb51547,0
001377.b1ee2289e3375cd9abbce3838e,0
000203.d009846218909d19fbdf6344d0,1
000771.95a0027b057d9d69b08617ed56,1
001176.6e625f39b0347dc869a037bdfb,0
000022.ef800575eabd62699b1ee4bd80,1
000912.002ebaa0b8a1f7cea19f7942e3,1
001132.56e7d65ac63e635ca7a3a44738,0
000182.5df284b38d3a1bf74d184db749,1
000051.8882a165d9335eebd2f724b228,1
001835.efeb155dee8cd5db03635461b8,0
001544.e5677f086b9275b98222fc7cef,0
001215.17a992a65ed4bbd409cdaa17a4,0
000115.37013dcdca2ce78732aaaa6526,0
000213.661b5542cdaa1a3375283faced,1
001928.453122761e48ed492fa1773ecd,0
000872.cf0076ebf8fc531ab684c0bac3,1
001346.7bd3d8d75127c85a2b1232bf88,0
000450.94dd38578c66a4d72a71ad454c,1
000610.750f0eb5e71f5f751cffd9da8a,1
000685.d35979a2212b2a5130b291aaf7,1
000614.627add2e10b145bbc2d2d4159c,1
001506.517330c26dae1f32048294e4d2,0
001337.94b0ae9fb1a1c16f2b0492e0aa,0
001802.5c8cac3737bbb4c60977b9bfdc,0
000275.914aebdad167543c0235434524,1
001945.7350b5f2ebe9d80acf1355a710,0
001876.8b450494dda16e7acf797104e2,0
000133.bd80e1c665208dc0af79bec73b,1
001844.079446091d4f7c975b0e78421e,0
000881.1402240ec9f40e0922affdd7ba,1
000527.881ed0402231a0ee121ccd2cd0,1
000617.84a687125f0af5a61e36464b88,1
000501.aa871719e2085ce29bad8c0721,1
001315.3983341d7b06452cb5ddc2a36a,0
000703.ff187ae2dce0d3d73f238908fd,1
000347.eff53df1bc24c1076f6e454aa3,1
001896.d4984dbae2d65d238d40910064,0
000225.e44f3c804a16a9b0a9e8433cd5,1
001851.07831a53d794366eec4521b3d6,0
000742.0160dced25d6518c846e08e160,1
001275.16e96fb12a57a6e86be7398e14,0
000414.252f52d851998c8438d95dc516,1
001808.b1bd127e866f7c349e24bd72fc,0
001002.21ff71bd1ff14977313165e1e7,0
000806.4f049c8583c1d5f6b33e801270,1
001035.5d7e6abbeba4d906eff7c485f0,0
000958.36104a723ccd66279424f6a235,1
000242.188b919e555d215b0c7ae10900,1
001769.c158b7892a44e77e342c1c4728,0
001491.c01e16e2d97f89472bd8ce9dd6,0
001875.42be302e979c4aff136c89e87f,0
000467.8686cff663aaa1b31cd347da10,1
000082.cd8a3fac62cfce85c5b136b603,1
001638.bb173a9134f9489668e40f6cbf,0
000992.55bf995a7e34feb144415caf74,1
001128.ede748b198e7f73e35d99c43be,0
000517.e22475c1e99b570a41522bbfe0,1
000010.b9aa9658b8bca3d04bc9346f53,1
000418.a4c4864e202fb57ba19edfcb33,1
001958.d30704c6552385e83010e75bc4,0
000679.0be1b1a6d8bf7824a2883d3831,1
001428.2f662c1e201802c61b3d689b50,0
001027.2278d302fbbe3354940d8e631a,0
000516.64f4d742065a164c636dadeea2,1
001591.f36dc07c849ca392f876b9811a,0
001173.b162791aa70f486d704513622f,0
001926.31d5f5d17d9cc372fb82dac829,0
000577.6ae98793d12d8faa9f28be6089,1
001483.af576bc596aae7155c0434ba1f,0
000019.76585249d149c5cc9c24cfc23c,1
000825.febc67022edb71f34f85d896d1,1
001438.fc68a97e32d0534827fff15ab0,0
000460.cf97d06062c43d8a999036ba75,1
001613.90358d26d5e3329261cd4f2550,0
000008.02eee9bd9b7ac2745f820cea6a,1
000207.e669b923ce7fb3268c978582e5,1
000925.53e134a76e053b89eafd3fac55,1
000180.f330646ff1cc969e9b61fd965a,1
000416.33edef799fd0d697e5f7674b43,1
001456.1c9dc7635bb3d3e39798d6bb43,0
001556.2ef520bc4081356d74a5fbba97,0
000749.1ddd21fd5ee0109d302320b841,1
000660.b960bfcfe863e15175942f895e,1
000845.e5c527eb4c60dc56811bc314db,1
000866.709eabafa1d96bd5bcae9334b4,1
001216.5f8b7e8f08016842980b78e4dd,0
000699.7283f8d478e907c8f3f56049a3,1
000315.8b317528f063f737d8888d1a3c,1
000684.34ef0ce9be4cb9c9311fb4270d,1
000515.78a95403c0aa00fbdef19ae2ec,1
001692.622c579e260d701b4828dc0b14,0
000465.a2c5189e998b5c94155066a8b7,1
000363.08c0a9768fa6c4eb68a64e93f8,1
001066.66975c667715f62afa5dc88333,0
001425.87e92e4ed1451652599ea60b61,0
000575.e4f71e93ef088546412eafb9c2,1
001704.cfc3af7a518da0f0a6486f3f97,0
001811.282ccc1e6a87d88ca4ca35a85a,0
001830.fcce8a9063d657dd1c9282d49e,0
000812.091047a2bb5491c00a8b666550,1
000079.b0507542069de4aa9825cfeb71,1
000197.f8df471fe4e615fc07b747a13e,1
000489.66e08f66af77214d5121c70092,1
000770.9c2e112f0eae4b4a37fe3f21ec,0
000842.c5aa88c1d59f3a11752bda11ef,1
001086.fae4efebd4a9764235ea17b378,0
001991.ade8906df0b1f53322f618cd6a,0
000059.45bc334bc1d46df9dbb778b3ca,1
000171.42ed91e469a20df1c3059d1846,1
001018.b442b02e9c0595498be2be901f,0
000421.226e638de0f19f5884ab98b473,1
000058.dc8bd92951a4e25431de0fc240,1
001194.23d1bd6b0d75235288a93a2f63,0
000968.840928a8e2ed11609a74a80cb0,1
001116.3a9953fc850f976c50fcb0c490,0
000048.2d4b06da23b99a75bfbc0bd8b7,1
001303.dd57f8326418c317073221b65a,0
001259.5e9e99ede00c2763d250525b98,0
001587.463d0075a9506df282570863b5,0
001688.4b19dc598ef79f3a99d09c902f,0
000566.d3a879391e3e91d1858db2df09,1
001082.61e07f90b6f0daade54c8acb0d,0
001016.42aa6ff8d5103ec6ee73cfea56,0
000143.7ebf8b1905d7bafafb80ae8b79,1
001220.270adad0c5604aab6991ce27c8,0
001864.2da863dcaac5e04b64a1515b4c,0
000870.dd032f9bb3db9a2edc2f7b4b56,1
000765.3fff7269e0d7dd27dd9533a5be,1
000618.79959588ff7997327749523de9,1
001664.072fbb439cdf7b0fb9f7537cf3,0
000896.c994db9e659fdf7440e6ed38be,1
000137.21d7bc8636e1ad168c9d9cfde0,1
001726.85a112d66c4d2b6666526887d6,0
001459.140b51693a0b9d5ec424d21882,0
000165.8e4a0229c17c0037524aebd16b,1
000370.86146a0306b0014b858222328e,1
000938.06a308a37db72e8165c7bdea86,1
000946.e313fee3785ed688ac237f95f9,1
000499.184c3a0d31687ae163d7c69aee,1
001600.895265458eb3d54ebc6970babc,0
001940.78e1124f4758acd7d2fd1507d0,0
001479.7ba745efaf4a82ec58d770395f,0
001843.643e80bc8f16d6f248cba6bc27,0
001026.ad7820a8f08af77d0ef009db4a,0
001169.5c36bfe928aa422f46637e9263,0
000326.6cdeb62152046449cdefb2430d,1
001616.be1bcfc94cd1863605786f6533,0
000459.929bec420ea4835954bb780025,1
001777.cae07864d22d6243fc47c9f6a0,0
001352.558b75c6d11fde13ea2982e748,0
000681.832fc1646378cc4439579f7faa,1
001588.c95ea9849b8bcc60fdde3638fb,0
001114.37e788e1681035ca0fda737785,0
001501.2b5a8c6e650109afb9618385c3,0
001852.21a35ef8c418269ed1fd702394,0
000981.53e81dff33dc8cbbb071dc8068,1
000769.6ea72a4d5ec457d22e3251f3d1,1
000531.6c30efc6c8a738ef0a35e71c4c,1
001871.4f6f3a3a61893b92ef75357a38,0
001934.44c69c1e2681ce619be7952d5f,0
001715.ce267ad4cb6c961da457c05316,0
001752.18c5d5018fabee212dc499fe0d,0
001744.f35019dc889643cf4476930c6c,0
001621.d7d4c0473212847bb27475822a,0
001646.607e8959317ee656dc4f7d3859,0
000705.8937dc4300b47d9780a3ee425f,1
000440.a82f9d37643ccbf6829f242353,1
000627.804b60c33cbde9c8a495623126,1
000814.755134f445bd8e43cb36bbd109,1
000574.6d2f50bc8a3472bb3b2c04c612,1
000582.18d61e651b4c7322e48c8e9322,1
001969.8c49de77fb4245155c1b02532c,0
001924.75ee145e3bd99e3cda12ef6490,0
000144.fc78fece3890d0f634bc90cf4e,1
001186.6f40b24e132f7a83b77dec4452,0
000725.a64556c921a06dada2a4231753,1
000152.3ad0c0c569cceb9d04ab016fe1,1
000267.71d10e744d6804808ffdf68408,1
001519.80db2923bb710614f93e240643,0
000156.f1476c7e6c853b569e7a106882,1
000621.789209e1858ce35bebed8acf81,1
000231.e63645c49f7adbde72ea54ed21,1
001690.aa9bc627caeb42bdacaedfc353,0
001734.8672edf397f9e6b5e2d7f54f3b,0
000509.6515bbcf6be2b6d166f1cc21bd,1
000802.a9155fc956af3e5f7e36560a3a,1
001893.1a793b16278dfd6a5bd608ab5a,0
001522.b99799072e4f19fbe95e7cc35a,0
000983.fae7712711cd78b6eef42ae8b4,1
000736.2766f13c3db789cfb2910e89a5,1
000260.12a05353d86dd1fda9d893c009,1
001414.b113b0aaf73bb138e5d69d23ae,0
000004.b7888d14dc6dd5b7515beb4af5,1
001242.8f77a9a4b2685d79adfd3841c6,0
000220.af3841ddb5a6a68297125f7688,1
001439.1a862ee77a08237fafc634ec4e,0
001634.bf76531fab269c4a9f3bd45c5a,0
000560.665b8f5b356a33ca9a5f05cd5c,0
000395.6917cb6d0643505af32cde716f,1
001695.ab6b409fbaf47e9c0e561a9726,0
001978.47da3d299053a0fe05ba579118,1
001235.8de3ef0a0f1d366977db45ffb1,0
000576.4f26ca45a48b64e5f857877ab6,1
001071.82135369583eb3ade9ac003189,0
001644.cb2cc8e7bcbf211964785499b0,0
001845.f414c6590f5b2dde195b301f55,0
001724.1a51b6adea51f977e5101cbbea,0
001827.7761bc335508e0e1aa7855c330,0
000926.998f24d1d95bf1b8a131f90122,1
000439.c583c633d8fae1e9db05947ccb,1
001686.744423d8dcdd57514065cc4abe,0
000168.738cf8a015a6b0e34b3d50fa67,1
000065.cd03d094d9cf692404d68b1ec5,1
000859.07557647df9308d6310a55e3b9,1
000498.169919c1f6189e2ae31bd9b3e8,1
000927.96bfc3c0799abafecd49e30637,1
001063.e7543f2e28817cddbf3b165ed7,0
000611.f69a7b93c96f9a9a119fa97422,1
001420.df234bee4616238683157d4964,0
001512.537a4e518dcb3be6680c0dadae,0
000308.6958515ff3c6ef7fea2fcfa7fc,1
001390.730f10b5d36ea406833dcddbe4,0
001200.e132da8a31ea3fe326a9e7662c,0
000710.2b9deeede7994e9b23d3342a42,1
001450.4e082ea773f948990e0e69992b,0
000655.61e3421a961f576cd945a3eebf,1
001815.888c2cbb0f1e5371aa393b8782,0
001142.6666f29a69987d10437384fcaf,0
000671.39b293b2106ff0280634ffffc7,1
000897.bf85a86f97f92c636d2003269b,1
001024.81b46f70f79a1d086387081fc5,0
000323.64acde93d2b3bb8593c8f6b502,1
001345.fa4d216e2d0f197661539f19b8,0
001572.cd2ab4e932acb84f77fc4319fe,0
001939.1b0b19127cc07aa4bb95eef803,0
000817.603964b1fc1f9c7e5b847b0e05,1
001403.36f54b8a48a155bc6f6d60e6cf,0
000349.dd3d41831916b28f506b8356ea,1
001462.2f6a1a27ade4bc551f8bccac6a,0
000269.8d28c2935ae8bbdccbf5cab535,1
000753.11ad38ca6e9179022c3b9d2b29,1
001348.e76f2d78fa56654fcb2cf245b8,0
000076.c8e6555da31a3ce934e30f0aaa,1
000523.943221d2564befb377ea444ef3,1
001051.9c2bfe6a89d8123b33ef459c52,0
000701.4d77d2f8535d3c31ecc798fc9d,1
001178.78c8b9da1be72b8877f2250120,0
001598.37666fc8cc574fe3199f627e54,0
001528.775fe20de36bacd705b438477f,0
000832.f24846ac78f8034f80f3ac853b,1
001067.6109b546f5b8bc71135b63b2d7,0
000629.66cd7d93b44508d303a0c6f6aa,1
000037.abcc61e8f6e08b6d61973195f1,1
001416.ecb201a7840c1fb68bfa670cec,0
000411.41bac6d76e4cec856a4a1510ef,1
001517.68142f27f6a6974b12a8b70c78,1
001932.6a5d1a5225c4b27123a03142e3,0
000178.20be2c5b56240080cc0ea69362,1
000424.e83465c26b502ac7dba24a2231,1
001607.aab9c39cd08a436e5b58ee62cc,0
001467.3a8d39b2dd42c0ea8c93029962,0
000739.3df9fe6834299413fae3a838a7,1
001126.9890458265b5bd126ea72daa87,0
001123.466a2f535a5933ad4cf21db77d,0
000404.9a071aa0ae2278e8b5c2c39198,1
000262.a6fa625cb5f8c14dc4b9fb2358,1
000215.c004b52a0fedfa2a8665cc74d3,1
000455.0b0c2c1db05633b8f398794b87,1
001212.ea0b07c8518c9bd63be7c3075c,0
001287.e6852aaf0938b3d5b670475f86,0
000216.58b1bf0cc40b88047341971316,1
000768.08a1963fe5aab74c9566da5ba1,1
000899.cd3886d9527f3a75417089091a,1
000032.c10d4fb9659582072c23509b50,1
001323.807a9a3d1d9134082210ec06b6,0
001590.7341b770f25af7c1781b580b9e,0
000042.e1309a94eba40b6e9c9dac298e,1
000609.de18da1fdfa559de0a07e4566e,1
000291.5757cf3e6179499b989840b83a,1
000398.687294e671f52812d43ab8015f,1
001910.b4373ea58093ef98794d149f3a,0
001673.7a3672a72eefdc89ea51c03e20,0
000879.a3658dc956da173bb26ebfec27,1
001698.69cfa076b6ff29c2210dff102c,0
000646.74a88bd803caa5df81482c8c3b,1
001677.2a5e00b45fd1cf6faeb243d3bf,0
001567.73ce4aa2f583cf64ec35770568,1
001010.ae0fb9ddf52420a8d5f8c19695,0
000921.17a6b282450b577e4ecd6bf5f2,1
000967.bc8683b5d81c94b5c65461e6a2,1
000288.db6e2ad48a47a1835d56023bcb,1
000790.c91a78401833667bccdad0f560,1
000793.6402aeaa73e0ef5bc937e77f0c,1
000192.a0f9887ff39e053e50b250e9a0,1
001020.973a1582230f2550005efe962a,0
000179.069e1e8009c77ce8a9d9f218c7,1
001731.ac26f9c3f014159fb34f860aa5,1
000486.83bb9cf22b61aaa107dc09811e,1
000343.01fc1c20edfd85f7d025ffda8a,1
001134.1a866fc004ca0fe89c232ca970,0
000350.f6e0cb7c607ec59106e324d63d,1
000935.2073b3abcdeec3619d114c3187,1
000069.47411c60d81a30ecde3602b1e1,1
001440.72d82ba1579552037bf1d2ba8e,0
000105.2de55b724fb3fbf4f35b6d15b8,1
001279.42d713316b3f226d6127124fe0,0
000670.3a0d4a9f1687ad16b3b71cb184,1
001464.098605537ea7e316ac5a6e41fb,0
000038.ff9982e40bf0b44fd0d6167d35,1
000583.0c28c7937169b70454ab16ddcb,1
001778.850486ab9736c563d9ca20b042,0
000638.2e74c4489adfd9abc92bc18f58,1
000339.a53ff657665bd61368915c69d7,1
001119.e3115945c72c0b1cf66095f3c1,0
001749.4534037433be76815e90370a0d,0
000507.50d69c0e972bdcbe33c8b7a4c4,1
001741.5ce5404642b133c095fbf1cfa1,0
000838.5becc2e0694503b1d91e3f9418,1
000392.3351fc3ebe903dbd214fd6ba59,1
001745.22c6e447c203782399a4a6aa87,0
000272.af408d006a1fc8cd76ad986b7e,1
000080.b92320c0351bfe09cd7458b934,1
001989.9c119c6863549d2b21e4ecaa43,0
001269.b8f96d5f938580b7b60a04ae76,0
000721.43020720cccab98303236ade45,1
001663.a5d38863e53db028315558e7a0,0
000947.fef477b9aeccd43883596ee207,1
000654.20b6b05094615db136c3e1606e,1
001900.1de1eac8133aa51f1a1e0a8199,0
001044.4882f6d03da676cd6b0d166489,0
001986.08bc11c4608d790591356831ef,0
001105.3e1f6538c6d35f42f531b6742b,0
001990.8dd10873b5b24b07502f45bbcf,0
000476.1ce378b83b61d7c2abe8997060,1
000830.d18485065a069d80c69f596be7,1
000511.ad22ff242b10e4533966439073,1
000191.8d648f93a3f4329b962c1954d1,1
000348.153b83137df1a65ebcd43f9da6,1
000301.8b73a273a8f7ccf860a8cbfac0,1
000469.3b7c3df89ecab572842667e153,1
001776.ea48a610a9757fd7e042bd99dd,0
000775.75a7416d17e148058738024a62,1
000253.3c78eecf0e14ab979bd5cd4895,1
001683.da76b6c5f03303718445efcbb0,0
000173.a9cb3e4a6ebd401524169f1518,1
000200.9cb6e565367765d613afb55b50,1
000857.f14c9db7ad5bcfd5743430ce34,1
000916.5365df47044be5433f1c3fc0dd,1
001672.1282fe382028dff7d5bb01292e,0
001678.28fc92d345e939e309a0c38e90,0
001719.f87513f02f8ea7f5f58a380b25,1
001987.dfb18fa0e66a57d0403b8b262e,1
000905.bf5860554bdbe82062c95f02ab,1
001846.4604059b08355aed6424f745ba,0
000005.9859de0f3fc737cb26e5c683d4,1
001388.f7940683825b926905d64c7f1c,0
000126.f749fab4684e4e145e636df999,1
001110.27f31051a5413f4d531170fc8a,0
000245.77b82b63391e6ffcb1314a6c46,1
000354.764d5c155243df766c4bc6eb53,1
000807.4273181b9b2dc619840f9fb376,1
001305.df19245827a359eddf71a1217b,0
000251.e1e06b79f6060214e5c1da8ae9,1
001732.119550ceb5b7bd767e6662d466,0
001535.cca21c5f2d0439a25d3fafc4c1,0
001274.e92fa03d84d401f64d24040e06,0
000648.c79b059df986a1f1b717faed68,1
001389.3d854e11fd0024e70405876c5f,0
001750.4f012d04073111daa260932027,0
000620.aa974614e3ea3e0c0e4a695b73,1
001193.a0ed82a510eb37c040493867a8,0
000813.60c20487c5fe206c4244e091a8,1
001341.47cc6e5c4b3163e6f053e2bf3a,0
000305.2683b47e584a7e7105f9262f06,1
000407.e812c5d57c3356fcf232a45de0,1
001015.26a5a43357a971e17b11bfb90f,0
000787.383cca2ea98531c0b31d66839b,1
001042.ff159a4e4bbb415110f5fbf68a,0
001671.9947cf6c9c23864fe74cd286bb,0
001451.02bbdb2d646ea9ab53903d0209,0
001258.e83065ba5405f83fe8de9e662a,0
000708.f5d1731def766838038138a0dc,1
001406.cd709c8658b08bc9baff2a3a1b,0
000271.879fb19079a3a54c5ef514e15b,1
000422.306b0ee14847ef6e8354f5e21d,1
001705.b02b66b9f89efd37d907fa9f2d,0
000532.acdf20da92139500bf74069eab,1
000447.b13723dcc3595daf1c491c6050,1
001293.4e9e513309461d698d4ec56c02,0
001904.2141fa349d1812c930b161cb6d,0
001499.9f138b1588aea0d7dc196d5862,0
001429.9b0f52f639359d46ce139baad2,0
001449.1d786f3ab1abbe37c4037d3d83,0
000661.911c30d4b45e62a166c412bca0,1
001243.ed841450933c39c72c9c14919f,0
001923.4450ae10a7a3688c932ed757be,0
000341.468215198a50cb7868b5e38689,1
000974.504d3d22848fdc7ce816782d52,1
001959.4e73e1232d3f9ce060a4a39189,0
000657.589f0588071d989351ffb8d8b6,1
001751.60de98af04233380778e6dc0d6,0
000650.855ef65cc702b4512b69a6699f,0
001985.219cac2c2fc92a25e0247c59a1,0
000695.02492065a91d3a94c13d693e4f,1
000717.2a410a1649be35fa05933f8d69,1
000317.b60f1a5a5c527ab9e9abde281d,1
001699.310e845ee20acb3f565d2fd6b8,0
001966.553688c488c91c79d025783c3f,0
001967.cc7621b8f653ed90505b1f3ce6,0
001805.6c6a24e9c0382d43e830297a34,0
000759.1073a7edd9483e552fcef5d79a,1
001374.ab38916f29f9eaf12bed022690,0
001181.f5d41b33a263b86b5c0d099f03,0
001993.4a4c34639433e040f809b10ece,0
001885.2a414d41a642e015de6f9d0e17,0
000659.b803a56cad24330772d1c0aa9f,1
000183.6a2094f642a276653b7b2873da,1
000847.9d515edcbe3cd29169080927ac,1
000092.78ec9e18c78f540487f510a3e8,1
000102.f20f3458430a5d2913e89f15da,1
000085.2f31dda6f4d9abb6dc87c072d7,1
001513.790032796ef63d956e2eef10cc,0
000342.f75ee5bc74fb9083c1f175bbcb,1
000015.7e227e4039bcf3c3ab15fded8b,1
000588.4e4a95b07d21f55d6571800f77,1
000884.4e8dab342d710732d18f100a2f,1
000989.429a5cd8ac3b434434b4c74f5a,1
000766.7b58a5d9420c312edfe472df10,1
001108.7c7a207eb2d8f23e5cb852f257,0
000163.185e02e9b920bda5760cbe7835,1
001290.921c136c9611b5dafa25bc786e,0
001442.e1ef0aa74e24ffdbe9bfeb8c6f,0
001929.2cbee765399e817efe016ce722,0
001599.8db945cec450fd7577c7764076,0
001708.a14650820bded3cb5cce023648,0
001498.3d061e99955e66a9ea18a23c62,0
001554.a911284c6d420d266850faba73,0
000493.c7814b985017e4f08df7b9d5f2,1
001915.72aaa8f1256db50b41dcab6cd3,0
000578.19ec9b91b788a3e7032b2a5dae,1
001539.6fad8fedd866472233659883c0,0
001500.734c5f3369e7027fc55a981b00,0
001537.3d52dd9223d7aa55f0af315255,0
001141.91359cbc1f3d8220496f598a7c,0
001557.95e95c706de0445cd8aeeea2a2,0
001280.6266529f896f862ce8ab181033,0
001520.223779ea39c25d832b01129c19,0
000860.047a82ac3903b7fafafeff6b34,1
001863.d24678c01914fb293000ca0e9f,0
000978.1c7edec634a7fe577b1d4ee454,1
001540.4a8239aa0ec0868b68c931a21e,0
001251.34978ffdde6ca31732648e426d,0
000818.be074d83cea0731c43bafefd5f,1
001702.0bc7d6c02a930036f11316fade,0
000374.de64a1055c465c5942f0c9cc4c,1
000674.2187d90ceb441dd86329ef107d,1
001360.3d81ad3be4e72ff3df4d284e7e,0
000569.214a6af094082974735d077039,1
000715.845121c12eb5aa009d198a40ea,1
000307.6c20d4ac832e85e44cbcb0c190,1
000322.629bdc1a73a481cb32c26d207a,1
001248.a0581b82698b7c02324f1ca040,0
000758.002a0bc7c93fe18092e3c4075d,1
001033.66eac7b7dac4908ba3f06326e7,0
000312.c423e94734aee7f0c4adb80e55,1
000839.6261db13eb93db43a34f14a553,1
001172.0b9c65f67c49ec3f7f916e4863,0
001828.c967e133192508384c5c894b7a,0
001056.cb52238f340f162ae7f8fb3d12,0
000794.7686d586ac6d8e56b884c89b99,1
000688.2c9295444238b0cf0fd926b3f0,1
000432.c3970fe1ffc9e2b2a2500d244e,1
001942.fad1e7d52dcc04fd486fbe022a,0
000697.e41155c82df0b5d3ebea071ea7,1
000900.58b14e24dc888172b139cb39de,1
000559.16608b92cf386271d65195d70c,1
001407.2d7b0a9160d6340cde09d9a320,0
000893.79c117a8627496a62a695e873a,1
000700.212dfb2243353e95a8359d50ab,1
000266.7af406c8f14dcda60a323ee4c3,1
000840.4345a24a1f3a499da34dfac858,1
000380.a80eec7fef48638fc6aab7f5b4,1
000997.5c5ca6e40ac3964a0af2bd5489,1
000719.134521354dd4b12585d06d5208,1
001152.8f187099b3fe9f434a348e1150,0
001866.e3e438ad6631206e6ab62c62f0,0
001542.ebf2d7edb604c3788b40fc9e85,0
001676.dd68f0002e368ae77a21bef7cd,0
001069.cbb25612a63d8082f6a56726ed,0
000539.9ebbcdcce231ece2a10a287dfc,1
001693.640bd872823efd28ed05fe2c16,0
000924.c1a0221dad938621f8b8d726a1,1
001743.903e8709598801509bb3d32510,0
001329.b79bbc7c469b7f69df841c54ee,0
000821.ac59dc25b8714a7fb5471f4e9e,1
000249.fecba232c0aa80d035cb652223,1
001490.43139f336c55c4bc15278661ba,0
000057.6a2a0ee665031617b4cda3cab9,1
001795.4b50e892b5439fbf2ce06365fa,0
001770.02d65aa6ebcdaa3881e92f1f03,0
001080.a7631fe30afb4b86260fede62c,0
001073.a877ce506dc3e19ee1950b6e88,0
001793.8fba819d8d714528a47bece84b,0
000891.f7cf2187e1943009019cfd2a40,1
000351.457b393fb41d1dd0b1119e402f,1
000594.8e758c4de646cbf0794bc039c8,1
001050.8587526a3047dae53186d94201,0
000933.50e6963f74ccf295a41a0f0d3d,1
000265.ada6bd5fb502dbecbc6f1eaf3c,1
000013.2505b88b574a7376ef15e55e73,1
000219.8bdffb03908b15e7085145189a,1
000910.e03c4203930f58354ea7170980,1
001771.4bede5daea2797d60421b75a9e,0
001445.2ab12751cde77050b8c23c4628,0
000020.00b6efd83a00ca7be2bbe0e6c2,1
001096.d162122cbaf903886b9a945283,0
000135.0c8d9d9f2946c122206afe7e00,1
001569.2bc6970e5db94cfaaf828c4c03,0
001888.d7c479f675f4b3ba98f5a56c99,0
001046.25d4a3e68be8a182b4bdbfdbcd,0
001906.bb2b2ea073f8088c664cd87dd4,0
001232.496d9dad8b235630147dcd12fe,0
001861.dbbcaac358a6537ff79c8abdb2,0
001111.a5ad7524799c0237c7a8e37757,0
001504.a65d407f6d3dc6058ff904bb41,0
001803.a7df1107d51cee7bc2a1947fa5,0
001175.75d1371f2784095d92db7c1746,0
001568.0afe2eb48a49a531df6d38944a,0
000328.55889c8cdffd1d3489ac48158a,1
001669.ed9dbf81fdacce7e85d0130c29,0
001074.8b37b1b073e51f79faf7081f2a,0
000024.d96e3be1836eeb622057f09c94,1
001480.fe3354185c2ab57f7673cc4a87,0
000426.b8c2b64772c994ddd5cfd4ccbf,1
001316.3d94ee01dbb371f694402fab2a,0
001728.0a5e397c0632cc7b5b6c3b30ef,0
000340.9ebf4576e3c09e187713433c02,1
000130.3b9146ed5246affa7087dbe7cf,1
001712.34964ea33cea500b207863ace5,0
001342.8ae57b4b4ab2619c03e1b61a60,0
001443.4034512720651fbedac55bc1cc,0
000475.09d085bb277583fa4cdc885309,1
001309.fcdf57dbc941710c8495036054,0
000826.24c8b2efc316c0515802e56f7b,1
000324.dd337788b244c6fb16ecd03aa4,1
000300.83bca4169e8c798ab443d8723e,1
001831.f7c6f54475b99dc961e3f5a24b,0
001787.23814bff7e8473b193429932d1,1
000944.5ecbd195520a46dc5b02727c11,1
000596.75930159df659e5f97dece3c83,1
001367.c5b7b1bb872a8a66df766b0778,0
000906.f1944e009f2d77bf8238538b01,1
000128.d524c079d692a3b665271e2993,1
000263.a94fe5ccf0897f53ad62cc5d3b,1
001955.4bd499303f4f0c4c6d89b85f67,0
000568.fb5dd46b731f451f9e0da95f8b,1
000293.af38398ec7ad644b8f350d9ddc,1
000033.b8aee4c21d0e5dc4f0c57e34cc,1
001608.1530f6edc74a25abda81fcabf9,0
001755.5a50aa0f9fcc4237e5c5a2c04d,1
000990.e509adf4df891c8c37f2d21889,1
001179.c979e5fd5a6ad481fcf1304fc7,0
001807.7b46c99e057e874740557535a8,0
001589.6d30750f33910dfaf08cb55244,0
001983.b13fb640a49f800011a3d747fa,0
001273.50c4930e62c92eca86ff360d1f,0
001709.dad3178463f2a04cc201943343,0
000227.c219127ccd8e0ecc1118abf19e,1
001583.219c4a47b98c7899a0a4589202,0
000612.daea0e453678336af06af5ad55,1
001081.f7936d8ed2ee42dbeabb8e22da,0
001578.96f47678d5f0af6a3cedc9c995,1
001510.b4e3fea61ced3f43651ae26810,0
000287.2ff8403f03751cc123f3cb6aed,1
001087.ddb056d69b21ed6f1fa08a4d80,0
001311.fa56da6316f6f12da976662b24,0
000746.6f75214143422f8a6f0dd59837,1
000791.2812f3d89adc8a5bada0eeda62,1
001404.8e16211ce48f791e0999b0946a,0
000984.aab8ce9a27a2c56154dc63f1a7,1
001857.451bfb38e5ade8f6bcade230f9,0
001209.031046330832e8f6262dc1fff5,0
000488.b1017c420b86d808b9a33f5857,1
001842.b9f0993ca0ed3c033349a27d27,0
001935.82c7d0b575b4cdfc8067ea08b6,0
000366.50e1c069e5a317fa51ef6d78cd,1
001994.8bedf345cab4c352c96339f7a0,0
001375.75413ec4deb540049f3dcf3d00,0
000732.41dad07532fe6cf9eb419920b0,1
000131.3de4a49331331899287b489512,1
001494.0a057602dd5a72cb2cd2b96d91,0
000854.feecc70583877775aad5d266ae,1
000252.3a7212369afd01f65ec979876d,1
001930.bc86dd491df15ad163eb1ed719,0
000690.27b50ac2dc1d2cde81450d5560,1
001201.0e63cb99fc3004aed0f2affb73,0
001872.7b85ecbedaa2e48fa797f2a925,0
000071.c3fb52fa99b72af9e03dddc732,1
000662.e49c5f7b1154c587b71326e775,1
000355.1ebba9410c611eab0dd11f562b,1
001947.794c60601e3ca083e1268d0a74,0
000706.ded12fb085ee4cdaea9740eb19,1
001064.2a72f7777e82e6aefcabf10f45,0
001768.31bfc0ea4a7fe3dc064d959ea8,0
001297.f50b6cef10f1f414e65447c4b7,0
001045.6e9881125c0e72ee01615f17e8,0
000767.a585441e5162aa5a5d4aea267a,1
001916.e3b9a4348518ed21f0cfc16ff4,0
001493.9d1ce5c0ea2cb765a90231a1e1,0
001153.bda6afc623fffd0e36d8a401fa,0
000528.a15284d92d3f880c33a198881b,1
001855.7fec3217ba341bdf26be0cc4ff,0
001826.c4b25cd72787506e8ebc4839f7,0
000704.62ed094075defa4cc1eb4c9160,1
001336.b9298817595bb1df7b5cea8137,0
001597.d123ae7955e9e2f3de10a2a82d,0
000397.428e27a20bf7173bc3df1ebf64,1
000232.db780d72d24ad5e10e1d01de5c,1
001104.829db9e697c3e5a667986acdee,0
000495.e0fd47da0769d9f54ae8e1423c,1
001264.a9e254f1be5b1dbda6ba462761,0
001094.b098c39e03b00a219c74bcf485,0
001834.6e7fbeb9b3e06c65bc5ef588c4,0
000072.aa0a89294663b529efaf47ffa1,1
001571.6ccf0d7c6fa3698830d1ff2d81,0
001720.35677c7ae0f2bc02e33c099914,0
001401.0614d0f1a7b1b2e1aa8256d8cc,0
000880.0acfd26f2176c94a343c0fd8ed,1
000513.aaa69162d300715f5c88ad4c9c,1
000909.04a826aa28055fc747cfca5f7d,1
001764.d00a99a6fdadde4bb416048db9,0
001627.52e7806704d569c768ba8280eb,0
000626.a850dd6e0c99c3f22b6637cb0c,1
000590.ac2ef6a71428b320e42087f42d,1
000026.83936310ec6469cf4542a0e56c,1
001463.a0ec19e1d3ac0c8288d6ee5813,0
000170.9a6bb976cfe8e7c275d2d803c5,1
000809.aae14f2d5eb57ac03860e7be82,1
000730.575f85fc5a959db61ee75da2b0,1
000382.efc8fc50451478db540d358424,1
000608.2527958b076a97eb72b8e61d2f,1
000894.1b6ae22791a3f6060b5944ad02,1
001976.193c39e81e75c8646ab896ebd2,0
001184.ef725d75b8ae7aa57fe9cd9294,0
001927.86fd4ac084ef8763b6df8a3055,0
000127.ee085520b7744f95b69a60806f,1
000982.1767bf9ea10e1292fed584ab98,1
000129.0a1be881cb7d3b189259759d47,1
000320.dee3861c8666db2fad49c2854a,1
001482.48668ab1438530fbe72544ff0b,0
001380.f26393073c0ae825a26df42e41,0
000429.b16016feaf4f005f24d8d2ca0e,1
000357.86c2dcfb73aad0e58be6506f8b,1
001937.52d09ff9963dbbfbf7552b697d,0
000595.9e538b0663da12213666517b09,1
000665.d3326feb4ce16ff358fc176e34,1
000040.41f1e3210c9922e5485d4eca61,1
001961.14e51b038c65f10d93c531d5c2,0
001813.c84da416e578255122857770ed,0
001299.0ee868439e460b8b37243a750d,0
000713.64e0f42d2445e0b01545652673,1
001227.8cc9bff1e631c19bf2ca249315,0
001140.7a138bbd1c266b171d3a1ff8ce,0
000303.52a479c3dc30e445d93f92e4dc,1
000778.c89126c3ea1201fbc6bd8e5339,1
000441.054f47abb448314a3a01f8743d,1
000286.18e337882465bbe84cd769940d,1
001263.4afaf531ae004926b079bf3b17,0
001455.5a93aa35ed6b6ae9cd0b2bcf92,0
001682.e91f4bab25428a3364bf41ee24,0
000934.3cc407c3b541a9bdb17ef5447f,1
000689.37028f36b083603427b87cb3be,1
000235.579abbc27d536835db509faa9c,1
001908.60a5b99493361a1350b4433b90,0
000334.a302caecb13da1b522b58f732d,1
000547.0d190703abf4a796a367c6b6ed,1
000512.f08e22c9d8330825056079bf07,1
000377.48a2654a44d0dd30a9007c4054,1
001078.7ad2dad292308d03b84b2a5ad1,0
001238.ca5a06ae977d4a87614b90c0c2,0
001397.efedf9be2e58b21b322bd7f33d,0
000587.59392d808894475ebdefa59d47,1
000492.c1edd561d231d624a2052ca679,1
000319.abfadebd078440a46d0430f26e,1
001113.516dcdd60746026cf5049c09f9,0
000908.7e50fba100098ee7981f2cfe88,1
001515.babafc9e8d5ee0e6d188e5428c,0
001219.4cbde27a30bad1ee3db8d46124,0
000941.10dbdfea835a22b7d77ad0ffff,1
001124.739549a2f4a4194abfb020c5a8,0
000510.e840a39a5af8a7e5f11df9aa29,1
001995.676ce849f8ea96124f965ef137,1
001954.505cc28a950012bcf54d909125,0
000075.7e10b5860212326a75f1c698fe,1
000792.cb039c61dfd09cd24c18ef10fb,1
000296.eb09e0697dbf3a9032942ba0dd,1
000911.e0ab2cb0f7787db147a82007b7,1
001424.24f71014cfc38052b9711bcf88,0
000385.7c810a723f7e7632912f71635b,1
000089.715c7d92f570f87838f0892870,1
000745.6e82f52d3b212620f696357098,1
000056.4b21c8093be2770a5df244f68a,1
000669.12e94ec1c318c977555c0cd4da,1
000581.da8cbacd9c7acdb08b5373308f,1
001953.6dfd62a23602035c10c2751a28,0
001260.62e1dbd4c3e117750374b252ab,0
000783.5e2b973cd63551c3a9abd684e7,1
001670.d65eb0e30ace6bc72a2c4a9af8,0
000095.edbdc40d2f1dceaf7038b63b6e,1
000640.f5672edab9b0ec0fedec93329f,1
000162.480dc6e0a7790a6479904a4348,1
000310.f5361c361a73cb90e73525bc37,1
000796.bb74b68cd7006b1ced25beb6e2,1
000290.6ac60c86d5c7db0f44ad7cf9d2,1
000175.cfc09698ab1c1f4eb6206627a8,1
001418.74d975a87de05528a16381ec84,0
000538.8cee33b0ef0dbc16610866d306,1
001318.1e8b337389cb6f66f5b49ca1df,0
001465.87fd52788f2c9c8889ccf2fc5d,0
000723.bb2c3ed9819699a0da13ea2a13,1
001041.e2938888d5e03ac9b1b6e7a616,0
001411.bfccb856a2bf6253be5c8ae30d,0
000837.79babe2acfb1abbd7403688e3c,1
001453.1940a6b3f8eae335897738f777,0
000405.ee0c254565c08a97dfabd21531,1
000601.13779474b578449b6ca915b9ea,1
001058.cf107d7f8005f8a1367177072e,0
001742.08a067d477137f3781a072a5f5,0
000078.072c536e75f0fb2595be0cfdbe,1
000541.07018c113d151da816da537dce,1
000117.9efd1210f0724ee2338b5b96d0,1
001790.702fba946097d892f505514820,0
001121.4458e66cfa8b3bf34b4f2675b9,0
001009.60483b9de386a5428b24cc67f4,0
000632.14bfa77ba3fd7ef4d23f08bfcc,1
001869.3ef78986a0faecc069e34c8fbb,0
001254.7ae047b35451cacdfd7ead20a6,0
001988.182af0dc88ef760b9376a6abbc,1
001804.7641561812f0c2adee9f0aaefe,0
001716.05d73d3847aba3280ba05eaf95,1
001756.b5741a76b43c27a0f8cd079c2c,0
000482.bdecf7f26cb963e96a1c721e22,1
000111.0c9fb16922351a952512780f7e,1
000470.510771b214e5ee0ed68e17acad,1
001797.2128fc7dd194b8aa888ae65a62,0
001415.a70e694253258760523f5f9179,0
000268.7aefec7e78abec3f915f94449e,1
001697.e8d00bfdf08d6afe72000bb897,0
000302.beffecabdbf8084bcd8505ccdc,1
000917.851fb9c12e41a0f7dc3b515e31,1
000760.aae2bc8e9e24358e6add931827,1
001488.84ff7ce5b0fefd1391b50b204d,0
000584.1a59bf2bfe10d7e8c0a94d19d3,1
001476.b03c6b5584f31510bdfc06394d,0
001270.9ceababc0acd28a2ae7c70765d,0
001158.b795328b21b5395b27b1b07e35,0
001457.83c6b7aecbef84b2dbe8deac61,0
000546.f1b2ed0ab1b7e6525caa0211b9,1
001210.0fac48b847125390df2c1136bb,0
001642.7ad452c4bf6cd0c81f21ed2748,0
000752.597f8fa955dd68f7dd5f20500f,1
001101.7a94de714b9316baa3b937d99b,0
001643.5c563a918a13457f7da784a3d3,0
001222.91aeef7630bb736bf0761216bf,0
000586.53f61f334aafbe830f103e319e,1
000138.5603092587e85b661f461ebdf4,1
001917.c7825a8301e404505c7a62d1c0,0
000346.4ac1d79d42af5dd34a366712bf,1
000932.23490192252d3a77a087dbf0e3,1
001057.bb2a29296026422bd588c2b70f,0
001373.2790ecfb6d9badf83462d17c21,0
001246.7b2ef4adfec9b33a5d4c914197,0
001343.0129750ae4563d0b333d11064e,0
000083.be4e53c7d4f7cba991c61b1f30,1
000877.611625d7c83fb65bc92b37a7c4,1
001106.5e80e93fa204ace1f655328813,0
000520.2322c27d2f0061e3f7eaa0bbaa,1
000707.5b1eaa2287af46f6e95cb6f959,1
000551.1d3769bacb452e6b3d3c239249,1
001623.2bc94e05dc359c32a5c18f8673,0
001944.dc4ff344d2fd7e0e6b412acc72,1
000858.b9126347a1e58c357ab806eade,1
001469.4a0f73ee35756eff0f20292b6b,0
000327.280033e773e4fc7d39351213d5,1
000428.b4897689e78781b6dd7af85dde,1
001523.2ea42154e83c3548c16f64b349,0
000553.2221dc6e9cbd2bc0c039e4eb63,1
000090.bb709c66a5475701a14118c938,1
001791.d22c065acc5ec36bed93a6931f,0
000764.9fe80931b104bd620c89338044,1
000542.16792ab3155235df26b3173603,1
000002.b299d73de1d06e81b19555a9e0,1
001691.224c919bdc73f745639efbd23d,0
000141.583f0a596320d4605abce355cc,1
000445.7ecddfee9e79e78cd2a6f30205,1
001383.d22d13caa8f616764c41865f9c,0
001276.41a3ee261ebb0c6868227f14c9,0
001365.17b7cc8cbe9ac830f88361fc35,0
000230.73a19d93ec17ff2b167022868d,1
001333.4ff1c34f6a568fee657f6faaa9,0
001021.d0d58661f0528867aca741c55d,0
001920.94d121e2e52f04df368251ea4f,0
000331.b9b35fa6d6f2d427aa6c2aa02f,1
000557.2e50b54bfeb596aebb85e88487,1
000634.94879bff5916a85966a489d3c3,1
000150.68f2f4bbcbd623c552310bd9c5,1
001214.8d67a356b7e6086137594aecf9,0
000607.422dfe11fcd4882ca14d0fb0bf,1
000895.379c91f9fae42294716ea4f439,1
000201.efe272fd9964142a0ee67247b1,1
000533.fa20bdfc3260b777c38012bc7d,1
001891.da6398e4ae2b224d8e6acc392b,0
000234.8d58cef6a085842e903eaed1da,1
001850.711344ddcda6b97fd63e12a4e1,0
000244.167c0d215f6f1bbc61d46d585e,1
001322.f3eaab27b60933901567e478f6,0
001733.b057d4194dafd44574df17d06c,0
000093.749c4f5a7119e254fa71bfceb7,1
001603.0de3fca88b34e8516c873dba21,0
000148.e230ab6d6e420d0101a2973c93,1
001039.317a00d2d9999cbe41309aa963,0
001167.a162afdd3f7eeb031401be2bd4,0
001612.73c0595e4365679f71d74d09cf,0
000873.e97dfb242c7341558d91f9d647,1
000592.292cc648d0eb1716c488990605,1
000375.49f10940eccc51a903b31b77e4,1
001918.17ffa8f06094351887ebe25ec7,0
000976.d0c36463963fa11d7b9e10a97a,0
001508.b0ef6f742faa40799004243e96,0
000134.681c8f61d6cdaf3429aa485daf,1
001865.484b6168087e5edf55569d9480,0
001357.cb76ed17a4b4646911706ac75b,0
000754.a86dde9140002622a49a80b9a3,1
001435.9b183fba5fee017ba1a3e4983e,0
001641.721b07dc1da17e613396956d93,0
000383.a23b52f2bd05222058658a2216,1
001514.e257f2120c0a8fa2c391808ed9,0
000124.68ec48722404683c739ff6288a,1
000798.6df985981806ecc13ef7fd9f0f,1
001639.d9e4f29b43c1938572d4c742cb,0
000096.4859f9b5be2d22d58c4ce12ef2,1
000904.5a1044d40f83e2bbab9968e9d5,1
001247.baecc8a61658fa9687fe539226,0
001680.aced347c7460509feaeb35bcfb,0
001905.2a926bd2674c22ee29a70a867d,0
001617.032ce68ec0ae808f1890d0c85f,0
001780.f496e0aab1acca4154bc1a5193,0
001321.c3d37b882583f1c4966be3e44a,0
000196.5f20402e1cf8f84ba25445ebe0,1
000750.7145ffb0243c38406e3fc7f3df,1
000313.0f9b973c5d5156b40ab4a181ba,1
000999.2931110715a592044695c6e9aa,0
000149.a5abaa51d6c2577bbae348858a,1
001095.9e6dd3ed00fcc5b6682ae7ab6f,0
000164.8d413dc683258bada698e11012,1
000088.16e4d0c2c7b23e70395ef1b53c,1
001881.640f2caa4c55aeed071368c845,0
000663.23f1a0fb9edcf6741cac343073,1
001574.390184238ee8a76471cca4d02a,0
001326.7273be948ecba6df398ba4a282,0
000372.c3609d46fd6960f1b606f78c04,1
001882.d2d22fb625bb726d09f52e76ec,0
001237.1fdcb8b8159fc7cf7d58aa4693,0
000434.c5acdc9731090fa9ba65947ca2,1
001339.1a7e55953550020629e321821a,0
001072.0d57feadb91cebb1b7d33fa718,0
000400.7c63db71766c6ac9f4d7b9d55a,1
001938.1315256a140b4013c034190a31,0
001139.15571148cb7bd9ed0d0e741b8e,0
001878.391cb30dd33de87777bd953d07,0
001652.252f1e885c57c72dd1ca13bf80,0
001497.835b9e81b99e289ae17058f866,0
000098.1374f5b227d998b2f1094a267c,1
001909.ed402e6432de05f76e7f04821f,1
001433.46a966ad56bb3f6fcab9f0e61f,0
000146.664c4eb2d2e2c28605cdc4409c,1
001143.d89de76929d4c896989d2a0336,0
000536.c1b581128c6b93b6ce6009238f,1
001622.e69e4f6692c24fb35836772901,0
000639.c1a6b3a9d21d15a2187afcd69d,1
000714.23ffacde82212bd28cd734241a,1
000606.d4c08307f84cfd1848bb0ab08f,1
001984.52a3dccb2618aa025cc74fba3f,0
000552.41d81d14abe5a5bdedb1f4b66c,1
001040.0519b53b4d8812b9181a6287f8,0
000502.a64311c3b2aed8ef891ac605e2,1
001821.df9008b8322004b102593bf43c,0
001703.3b6dd28a136e167ed0ae3bbe75,0
001003.e4e6bf4de278131af46290b958,0
001546.da4c37f4b0fff86d71602b0789,0
001454.81ad1d84efae0b060ddcca3402,0
001452.31fdd132d75365f45a05bfd335,0
001849.51e916779e2a38180cca236834,0
001382.748b360a722ce93fcd47881a53,0
001912.93069f414cc523442959c39f26,0
000849.ba758737bf2e925489e97aa657,1
000359.eb2699ae1e57c574ca0e5eb78a,1
000777.14be39b6723419be6c4920ae22,1
001208.809c7ee465e771c3c91972570d,0
000228.f1bac08383a0657a846e2e62b8,1
000667.a2cffe83f9693349e011508448,1
001061.81bcf78dec9ba25238158ba413,0
000206.ff530e7d32fdc5578faa0e008f,1
000172.b16f02d6008708636d3cc26057,1
001558.d45ab957ba29a8f42cfd8b6f50,0
000940.eb3ee11102842629496406f666,1
000223.522923059b0c4c05fea735d147,1
000218.155cd91d3849cb0767300c3932,1
000221.e5ba02c0ee7091160314212560,1
000136.66c0fd738962d1c5e20301db1a,0
001884.e176575363d6245ae31fb0f153,0
000297.90c90fb0f5671f8abd1842820c,1
001566.1ea74eb4b1ccb1e4fbfb00efec,0
001289.bb3430f4ccd1fb19a03fef3302,0
001860.5462a6865ca3dd2dfff2802734,0
001412.d39f6e9340a543479100bb5f55,0
001532.74930853a675a190d575329a46,1
000458.d13a48eb158390e18c2baf16f9,1
001159.3bc0e5215c2a6fd39f7afd3576,0
001974.8540504f90fa9641e8fe908dcb,0
000682.426b54642a10b76f7d51f67c5a,1
000369.11b6ee6f4e38ea65d69c0b7de9,1
000389.0aeda0fef64c7dc20b69ef3292,1
000521.9c689226c1771f190afe839e33,1
000943.2903f586978037b5685a4f98c9,1
001580.b41543c694a8e0bce3c61b7340,0
001419.8b078980b0739975e1a3466961,0
001543.4d663cea4b01eb023513b7a31c,0
000443.10fba5341b02eedd633c3b7065,1
001575.32a0ae39769c5c4d36784be0ae,0
000298.ebf75edce45571579d2ef572ca,1
001817.b8446c1d3d17337804350fe20e,0
001088.8a98dc8ae51ce408a27361e926,0
001810.296276adc8fb3a3580277b8f38,0
000011.05d412032222d318a161b7f9d4,1
000337.dea0343fa274b2b949e399b47d,1
000283.f1c705a8edc47a2f7c1600f49c,1
001031.511b1e8c61c959ad5e9f5c678d,0
000668.2cf3b94e51686fab04a2f5c29a,1
001084.9fbec2c3650dee6a1b0d913adb,0
001794.5c3480ffe195498a87d55bce41,0
001473.62b06d188390f77f91903bc082,0
000177.f5060097ab70c0b3592df8af58,1
001911.e6b3d3ac4149843244dcebe098,0
001266.e6ab2674c1a96beb5c9ce6ddb2,0
000188.365343277b5900da089744ebb2,1
000973.5171d2d961ad28b650ad3289f8,1
001822.93de5bee23770df6c101cb25d7,0
000955.8fe4003e646fc3b8fecca1d2f7,1
001262.fe73f84f762d81c52ee85926ae,0
001610.cb47859c1d59f6101a726d0214,0
001823.ac57593b0ff2af78e71ff34ace,0
001536.f895686ff68edbbce96eb30263,0
001301.3169a626d140682eaee03dfac6,0
000420.ab626390e79955d0a9f63bbfe5,1
001145.9b790899341992106da4b9a333,0
000850.366e7b37be2f10273740bbf1bb,1
000256.602934c47e6c9cb9ec935bfa69,1
000535.e5964f2f82ced986e816ffff4d,1
000463.63dd7d3c8ec9a06bdd4ddaf3a0,1
000132.0e7d5c23a48425ae0350ffb870,1
001304.3df2c5a2b84fdee2b8d2362b42,0
001561.82b0fb4c5d762ba2f14e5230c4,0
000694.c577f06d4f229e1724999e3905,1
001278.ee62ed89245e4d9438655b9f3f,0
001432.f6e166aee233ff836986b5c07a,0
001809.7d475f14966e5ead4df65a5320,0
001257.8901da658ef392ac28e8278162,0
000630.9050bdb8132a7a7fcc5a2d9c70,1
000811.4555ac851e57b829016a38ccf0,1
001736.5233d99a4d69da4bbe1e15e45c,0
001055.a3388a1e59a467702dc7965c2c,0
001362.908b3210bcb6c899a0bc390949,0
001236.a083ff6a212c718cc3f492aca3,0
000491.f1d152322636fcc9315f2ba123,1
000279.3d07dc94035a344e9e5f53b145,1
001559.f5cbd3cff101baebdeb4d1c404,0
001981.b23521db506c9af5449a806eb9,0
001349.7a203597e429a64b255ca58cf4,0
000711.f7f9be24d3da914c3aa124dae3,1
000029.c2f07024c55e293a0501b5d8c4,1
001874.53686e5bdb3b0836d120af57d1,0
001943.59ec855ac345fdb20a29114b01,0
000676.fe32c75718cd416713361aa3bf,1
001609.81cceeb70dae1b32a66d7d8743,1
001421.f2b0a61b45b193242fd7b66fe2,0
001306.3afdc17016a9951ce8f66a61d3,0
001606.6f346162be6689347575083b4d,0
001701.87617291871d7f678c26d8a9b3,0
001100.b2f75261793a2f0e45b381ae06,0
001053.58e9dfdff3a394e9f534539fda,0
001902.1224a3f75ddc44abfc7b534bb3,0
000856.f310ec318c12d90aa136c5631d,1
000797.a9a4763d362e7312347752355f,1
001245.3dcd5beca2b71163c17f3895ef,0
000361.09c4f56ff41b09472466c7f11f,1
001786.eeb555c89a3d366665235e35a6,1
000451.fb9e2ab558e1e63450c8710689,1
000471.1f3d391fa68b6b5ddcd436ac9a,1
001218.d3f446c104dd39b03e43f1e08d,0
001036.ce9108c2cb8e12852517dba486,0
001739.415e84219953acc0e9b96f476d,0
001825.22475e5ed73bc8cc0b9b3840a1,0
001223.1b699ea7503cedf599b4db115d,0
000589.2aee6f15f955a5e5c3bef522ba,1
001234.34472bc239f96afa19ad4bf14e,0
000529.867e7fd3aa98a472cad9bffea6,1
001402.3bfa2b7129bdff06ad35a517ab,0
000731.7c29aeffe3e08fc4978ee8d479,1
001233.39e905040fd89b257f8a359e3d,0
001524.d819ff6042935481cab291615e,0
000035.38102b4100ba6ec42209000708,1
000718.e8da8169d9ee07ab5634cbe463,1
000969.963f7b644a9086c4266c85624d,1
001856.ad60a56074ddaeb047931afd22,0
001204.723d482a7c1c023ac194c24f60,0
001503.eedffdae3a065ce87e7b54e06a,0
001171.267ff81a44a497835cb0652349,0
001565.ca9668df6708aee4fbc664c67e,0
000822.4c7c5def43c53751c121c0cada,1
000478.b7386d6eef5c22862a1e1a4b0d,1
001190.2a59ba11aa926ac47783605e04,0
000060.9394f9ea5f0ebcb49b4eaf93e4,1
000963.1e3643236b5a5cef10685d2dc6,1
000391.3a9c4d3b4a9d9594996c87bb28,1
001685.ec3c91434a9f64e03fa23555bb,0
001076.b576dfaa80d831c7614b21c451,0
000112.587357f072f8aa3c1f025486c7,1
000951.ead98022f08461ed16736ad471,1
001611.7e58d509b07e82a9b2efafc585,0
001059.d1c48d74741cf57b98b562ca4f,0
001997.e53c729e82d469e2b7e164e139,0
000304.ef1061c90b13d92378efef7e9b,1
000677.3c047e5a266055062c30ec17c0,1
000006.382a96675c8bcef798d5adcc99,1
000278.f82ae56c41bd7094c590b320c4,1
001957.ab88671e812b122d6cffcfebbe,0
000810.ffac355933fdc009607860c22b,1
001150.ff16d261ada5b6961394744085,0
001581.bf5b9e94de750f1655dc0189aa,0
001385.d942040051daffbc2b158fe27c,0
001387.b87b6a31c56fde72e831b95d19,0
000041.aeedf90751d37f173f64cb8d60,1
000353.7b3b81bc9c8dac6e2d74428075,1
000368.d53b32bd9dbe6ed84e8691451f,1
000246.7aef83a2fe191964a76bcfa0d6,1
000741.f26a98f8d74eae82b7d4ddeacb,1
001785.ee1699dfc149bd4289dfed7e28,0
001334.ec1520cbf51383be528aed1022,0
001879.d46b382755d6a0c4d65fde436c,0
000190.515fefebb185b2b3dcc793e72c,1
000636.936b29ef78e2d9b0234d065ebf,1
001461.a506e2607e0d806f79595b8aed,0
000622.d4b5379b0ed267179c64419b7c,1
001883.7c42987c262b1812b4407ff8ae,0
001620.956d2ab5527dab7cbbb4ccd0f3,0
001925.359c9a96ba880bcfcd30e64204,0
001272.1915cacaba6374f23fb6bd0c97,0
001154.6a42d4580b151a2356f23b07eb,0
000362.89d900e33337c6f2427c8706da,1
000064.5442f4e236cb15c2207c4b4d98,1
001422.169e671cbcef52a3f9d46f2a59,0
000740.6c733905d078628ba2f520566e,1
001833.d3cb689c60f4da2a511541687c,0
001773.dc5b30e631e1b858b55d78eba4,0
000209.b7deaa7982beb6165a6fb7a75c,1
001740.f629ba7b32733e50a2eb469a56,0
001819.4c9315f47b944e67c6c39e4367,0
000125.9536260d5f9fd7eea0de7f923f,1
000282.f12a95ce605740857ac519caf2,1
001267.1e5e66c2b0de3c1a21e569eeeb,0
001093.18e44b4e4d58801214df163b30,0
001595.9060d502fa8e984deb1c8ffb8d,0
001241.285d1b3fb997e040427865255a,0
001144.6c0ba491265efc702f9515d1f4,0
000580.75d6500d92b6d84075ce02a92e,1
001335.c434dc02b4a3cef1822b786ea7,0
001907.ccda2a72a63ce95d20579b60e9,0
000861.16e38b8388793c2b23060836a9,1
000673.b98b4ef5092f8df8217f87cf33,1
000409.ae0fad8b0e84abe2b2754ea7b6,1
001103.2198ca414b3f00390b915c7bcb,0
000995.979d6da5cd9058e65d4814eaa5,1
001946.f094459964fcecb1f9f532acc1,0
000903.7c0d0bd8cd1bdeb38c6ea56e4d,1
001221.321ea073607d516746ebee94d6,0
000121.e5e9af23d601fbfb8d25946586,1
000027.bbdab40d3be6af21c0be2688f0,1
000381.c2073282719a3bdeeeec84bba0,1
000226.56e12b444949cad12e42d2463b,1
000570.f25247cbc40d508d25a50f1e52,1
000003.d45b320d96ebcf0b8d4078f239,1
000597.f31bcbfa757df90d1f2ced7348,1
000333.618091e5c213eee83f454686b5,1
001029.6b2d9bebbe94b8261da1e815bc,0
001395.92c31d55b504060bfedecab91c,0
000468.6b5a1879e496148787075fa9a0,1
000801.5c9f2b2071589d22dfe82ba43a,1
000625.310b86bdd3b6deaacc916f6e68,1
000292.acf65d0409b50bb0f07b8e78f6,1
001426.ca640aabaa46f382bd0cea3bd4,0
000815.d138091d9c52861862da91a9be,1
000561.9997140ecbc4e8c2b89cfbf65c,1
000649.5888e8fa0bfc33c1fd66b516e3,1
001431.196def82df789f94c656073f95,0
000537.e42d8a90900a3a1e6cba89eeab,1
001667.046f517bc500a1976438db27c7,0
001689.9f3b73d267aaf723abb6219e07,0
001099.54e3cd09700a8acbbdb731dd9c,0
001048.a0a0c723581964755632708e92,0
001164.5056701122242245c929a3d46e,0
001409.77a55d4c76da59749d958805c4,0
